duration,protocol,in_packets,in_bytes,out_packets,out_bytes
843.880,ICMP,397726,592074892,403509,600673626
853.969,ICMP,409361,609385658,409380,609422896
864,ICMP,421065,626809722,421084,626846960
868.976,ICMP,426952,635583216,432813,644299290
879.050,ICMP,438709,653076826,438730,653117092
889.083,ICMP,450501,670631898,450520,670669136
894.059,ICMP,456372,679381168,462250,688121508
904.128,ICMP,468058,696768036,468098,696837068
914.162,ICMP,479806,714257604,479862,714350860
919.138,ICMP,485782,723163620,491686,731943684
929.210,ICMP,497538,740655716,497570,740712636
939.242,ICMP,509594,758603812,509613,758641050
944.217,ICMP,515554,767484132,521431,776224430
954.290,ICMP,527327,785001966,527346,785039204
964.324,ICMP,539296,802819096,539314,802856292
969.300,ICMP,545210,811633828,551088,820374168
979.375,ICMP,556940,829086200,556997,829182442
989.406,ICMP,568865,846837826,568901,846902274
994.387,ICMP,575366,856526820,581185,865178946
1004.458,ICMP,587125,874021986,587164,874090976
1014.491,ICMP,598961,891642562,598979,891679758
1019.468,ICMP,604875,900457294,610709,909132130
1029.542,ICMP,616649,917975170,616667,918012366
1039.576,ICMP,628398,935464780,628418,935505004
1044.554,ICMP,634338,944318876,640146,952954348
1054.623,ICMP,646042,961731884,646060,961769080
1064.658,ICMP,657834,979286956,657852,979324152
1069.635,ICMP,663660,987970680,669538,996711020
1079.706,ICMP,675391,1005423094,675409,1005460290
1089.740,ICMP,687008,1022716192,687051,1022792710
1094.719,ICMP,692806,1031360108,698624,1040009248
1104.788,ICMP,704388,1048590272,704428,1048662248
1114.818,ICMP,716092,1066014336,716109,1066051490
1119.796,ICMP,721917,1074698018,727621,1083176426
1129.869,ICMP,733385,1091757450,733438,1091849108
1139.901,ICMP,745177,1109312522,745210,1109373900
1144.883,ICMP,750992,1117982176,756705,1126474570
1154.954,ICMP,762557,1135186602,762574,1135223756
1164.987,ICMP,774349,1152741674,774381,1152801538
1169.963,ICMP,780239,1161521182,786010,1170100276
1180.034,ICMP,791862,1178812308,791921,1178913050
1190.065,ICMP,803698,1196432884,803722,1196480636
1195.040,ICMP,809622,1205264228,815446,1213922452
1205.112,ICMP,821343,1222700030,821359,1222737142
1215.140,ICMP,833092,1240189640,833108,1240226752
1220.117,ICMP,838963,1248943326,844796,1257613704
1230.187,ICMP,850692,1266391240,850708,1266428352
1240.220,ICMP,862969,1284666898,863008,1284738832
1245.198,ICMP,868793,1293350538,874541,1301894450
1255.273,ICMP,880393,1310606482,880425,1310667818
1265.309,ICMP,892054,1327965084,892086,1328026420
1270.287,ICMP,897834,1336583220,903626,1345192636
1280.360,ICMP,909434,1353839164,909457,1353886874
1290.391,ICMP,921183,1371328774,921199,1371365886
1295.367,ICMP,926919,1379881406,932755,1388556326
1305.436,ICMP,938564,1397202896,938580,1397240008
1315.473,ICMP,950224,1414561456,950258,1414625820
1320.450,ICMP,956029,1423217442,961841,1431854554
1330.521,ICMP,967650,1440501124,967693,1440580586
1340.551,ICMP,979398,1457990692,979413,1458027762
1345.531,ICMP,985181,1466614842,991059,1475349294
1355.603,ICMP,996867,1483995822,996882,1484032892
1365.641,ICMP,1008527,1501354382,1008585,1501456554
1370.621,ICMP,1014306,1509972476,1020100,1518581976
1380.691,ICMP,1025952,1527294008,1025967,1527331078
1390.727,ICMP,1037524,1544521560,1037539,1544558630
1395.705,ICMP,1043348,1553205200,1049141,1561814658
1405.776,ICMP,1055037,1570592194,1055052,1570629264
1415.813,ICMP,1066653,1587885250,1066668,1587922320
1420.788,ICMP,1072433,1596503386,1078226,1605112844
1430.860,ICMP,1084078,1613824876,1084093,1613861946
1440.894,ICMP,1095739,1631183478,1095754,1631220548
1445.872,ICMP,1101562,1639867076,1107400,1648542080
1455.941,ICMP,1113252,1657254112,1113297,1657338074
1465.971,ICMP,1124913,1674612714,1124956,1674693648
1470.948,ICMP,1130752,1683322008,1136529,1691905770
1481.017,ICMP,1142337,1700552298,1142351,1700589326
1491.052,ICMP,1154614,1718827956,1154634,1718874068
1496.029,ICMP,1160392,1727446008,1166186,1736055508
1506.099,ICMP,1172082,1744833044,1172121,1744907922
1516.134,ICMP,1183830,1762322612,1183844,1762359640
1521.117,ICMP,1189652,1771005808,1195447,1779615710
1531.186,ICMP,1201255,1788262238,1201297,1788341658
1541.216,ICMP,1212915,1805620798,1212929,1805657826
1546.191,ICMP,1218710,1814264588,1224576,1822979400
1556.263,ICMP,1230472,1831756936,1230486,1831793964
1566.298,ICMP,1242045,1848984530,1242059,1849023030
1571.276,ICMP,1247866,1857668044,1253573,1866146578
1581.344,ICMP,1259426,1874858652,1259439,1874895638
1591.377,ICMP,1271086,1892217212,1271099,1892254198
1596.353,ICMP,1276865,1900838250,1282658,1909444764
1606.422,ICMP,1288554,1918222300,1288567,1918259286
1616.453,ICMP,1300303,1935711910,1300316,1935748896
1621.432,ICMP,1306124,1944395424,1311963,1953070470
1631.506,ICMP,1317815,1961782502,1317828,1961819488
1641.537,ICMP,1329651,1979403078,1329664,1979440064
1646.511,ICMP,1335542,1988189988,1341400,1996892688
1656.582,ICMP,1347340,2005735728,1347353,2005772714
1666.614,ICMP,1359088,2023225296,1359101,2023262282
1671.593,ICMP,1364865,2031843306,1370748,2040583856
1681.663,ICMP,1376601,2049295930,1376621,2049343514
1691.696,ICMP,1388174,2066523524,1388186,2066560468
1696.672,ICMP,1393994,2075206996,1399790,2083816580
1706.740,ICMP,1405642,2092528612,1405660,2092574640
1716.771,ICMP,1417391,2110018222,1417403,2110055166
1721.751,ICMP,1423228,2118727432,1429051,2127376782
1731.821,ICMP,1434859,2136023310,1434871,2136060254
1741.852,ICMP,1447135,2154298926,1447182,2154388860
1746.827,ICMP,1453001,2163049458,1458840,2171723032
1756.896,ICMP,1464736,2180500568,1464748,2180537512
1766.924,ICMP,1476440,2197924632,1476493,2198023650
1771.901,ICMP,1482392,2206804616,1488189,2215414242
1781.971,ICMP,1494085,2224191778,1494118,2224260516
1792.006,ICMP,1505965,2241877858,1505989,2241932970
1796.983,ICMP,1511917,2250757842,1517757,2259432930
1807.061,ICMP,1523566,2268079500,1523578,2268117916
1817.093,ICMP,1535446,2285765580,1535457,2285802482
1822.072,ICMP,1541350,2294575116,1547239,2303320694
1832.144,ICMP,1553135,2312098230,1553146,2312135132
1842.175,ICMP,1564971,2329718806,1564983,2329757222
1847.155,ICMP,1570878,2338533244,1576675,2347142870
1857.225,ICMP,1582527,2355854902,1582564,2355931168
1867.261,ICMP,1594364,2373475520,1594375,2373512422
1872.240,ICMP,1600247,2382254734,1606112,2390965088
1882.313,ICMP,1612008,2399742624,1612019,2399779526
1892.347,ICMP,1623712,2417166688,1623747,2417239926
1897.324,ICMP,1629582,2425926220,1635460,2434656256
1907.395,ICMP,1641269,2443302826,1641292,2443357896
1917.428,ICMP,1653017,2460792394,1653054,2460868660
1922.403,ICMP,1658880,2469541328,1664810,2478347508
1932.473,ICMP,1670706,2487125044,1670716,2487161904
1942.503,ICMP,1682410,2504549108,1682424,2504592024
1947.484,ICMP,1688316,2513363504,1694203,2522104222
1957.557,ICMP,1700055,2530816254,1700065,2530853114
1967.589,ICMP,1711891,2548436830,1711917,2548497914
1972.566,ICMP,1717776,2557220544,1723595,2565860894
1982.637,ICMP,1729447,2574572926,1729464,2574620384
1992.675,ICMP,1741547,2592586526,1741557,2592623386
1997.652,ICMP,1747361,2601263498,1753120,2609814120
2007.723,ICMP,1758840,2618329640,1758850,2618366500
2017.753,ICMP,1770544,2635753704,1770554,2635790564
2022.731,ICMP,1776406,2644502596,1782204,2653112264
2032.803,ICMP,1788100,2661889800,1788110,2661926660
2042.839,ICMP,1799762,2679248444,1799815,2679350766
2047.817,ICMP,1805579,2687931790,1811422,2696607004
2057.887,ICMP,1817274,2705319036,1817283,2705355854
2067.913,ICMP,1829110,2722939612,1829119,2722976430
2072.889,ICMP,1835015,2731753966,1840902,2740494684
2082.960,ICMP,1846798,2749272220,1846807,2749309038
2092.992,ICMP,1858679,2766958342,1858688,2766995160
2097.969,ICMP,1864521,2775679538,1870383,2784382406
2108.042,ICMP,1876191,2793028934,1876200,2793065752
2118.074,ICMP,1887939,2810518502,1887949,2810556834
2123.052,ICMP,1893800,2819267352,1899643,2827942566
2133.123,ICMP,1905540,2836720144,1905549,2836756962
2143.155,ICMP,1917376,2854340720,1917385,2854377538
2148.132,ICMP,1923258,2863121364,1929168,2871895792
2158.206,ICMP,1935109,2880738874,1935124,2880784776
2168.239,ICMP,1946946,2898359492,1946954,2898396268
2173.217,ICMP,1952892,2907237392,1958695,2915849102
2183.285,ICMP,1964635,2924692142,1964678,2924781908
2193.314,ICMP,1976427,2942247214,1976479,2942349494
2198.291,ICMP,1982354,2951096348,1988176,2959736824
2208.359,ICMP,1994116,2968579864,1994124,2968616640
2218.388,ICMP,2005864,2986069432,2005909,2986162226
2223.364,ICMP,2011857,2995014794,2017701,3003690050
2233.434,ICMP,2023641,3012533090,2023667,3012597118
2243.468,ICMP,2035389,3030022658,2035409,3030077602
2248.445,ICMP,2041898,3039737012,2047798,3048494828
2258.515,ICMP,2053694,3057272364,2053724,3057342448
2268.544,ICMP,2065487,3074827478,2065505,3074879394
2273.522,ICMP,2071351,3083582342,2077235,3092317046
2283.595,ICMP,2083132,3101094624,2083169,3101176778
2293.629,ICMP,2094617,3118191210,2094659,3118280934
2298.604,ICMP,2100396,3126821080,2106321,3135615274
2308.684,ICMP,2112261,3144458314,2112268,3144495048
2318.721,ICMP,2123966,3161882420,2123973,3161919154
2323.697,ICMP,2129825,3170631186,2135670,3179306484
2333.772,ICMP,2141522,3188018516,2141565,3188109754
2343.803,ICMP,2153139,3205311614,2153146,3205348348
2348.780,ICMP,2158866,3213863868,2164755,3222604670
2358.849,ICMP,2170608,3231316744,2170649,3231404954
2368.882,ICMP,2182444,3248937320,2182465,3248995250
2373.857,ICMP,2188386,3257810636,2194236,3266492392
2383.934,ICMP,2200133,3275269970,2200140,3275306704
2393.967,ICMP,2211881,3292759538,2211905,3292822010
2398.943,ICMP,2217716,3301473080,2223587,3310183686
2409.016,ICMP,2229527,3319026726,2229533,3319063418
2419.049,ICMP,2241275,3336516294,2241298,3336578724
2424.028,ICMP,2247221,3345396026,2253111,3354136870
2434.098,ICMP,2259095,3363045414,2259101,3363082106
2444.129,ICMP,2270755,3380403974,2270775,3380461862
2449.104,ICMP,2276666,3389231828,2282504,3397893584
2459.174,ICMP,2288444,3406736624,2288450,3406773316
2469.208,ICMP,2300148,3424160688,2300192,3424254912
2474.185,ICMP,2306030,3432945748,2311940,3441715760
2484.256,ICMP,2317836,3450493296,2317842,3450529988
2494.287,ICMP,2329452,3467786352,2329470,3467841212
2499.263,ICMP,2335973,3477522178,2341817,3486193018
2509.335,ICMP,2347625,3494839546,2347634,3494880780
2519.373,ICMP,2359285,3512198106,2359291,3512234798
2524.349,ICMP,2365143,3520946830,2370990,3529622212
2534.418,ICMP,2376798,3538268740,2376803,3538305390
2544.449,ICMP,2388722,3556020324,2388761,3556108450
2549.429,ICMP,2394668,3564900056,2400603,3573706446
2559.498,ICMP,2406499,3582483982,2406504,3582520632
2569.534,ICMP,2418467,3600301070,2418472,3600337720
2574.509,ICMP,2424412,3609180760,2430347,3617987150
2584.588,ICMP,2436199,3626699182,2436204,3626735832
2594.621,ICMP,2447815,3643992238,2447859,3644087934
2599.602,ICMP,2453691,3652768214,2459520,3661416344
2609.674,ICMP,2465372,3670128376,2465402,3670202876
2619.708,ICMP,2477252,3687814456,2477257,3687851106
2624.684,ICMP,2483126,3696588876,2488912,3705173016
2634.755,ICMP,2494808,3713950552,2494813,3713987202
2644.785,ICMP,2506689,3731636674,2506693,3731673282
2649.760,ICMP,2512546,3740385356,2518482,3749191788
2659.832,ICMP,2524378,3757969324,2524391,3758019558
2669.868,ICMP,2536214,3775589900,2536218,3775626508
2674.845,ICMP,2542114,3784404044,2547918,3793013964
2684.920,ICMP,2553858,3801857004,2553862,3801893612
2694.951,ICMP,2565694,3819477580,2565739,3819576262
2699.924,ICMP,2571551,3828226262,2577355,3836836182
2709.993,ICMP,2583163,3845482710,2583201,3845570794
2720.029,ICMP,2594911,3862972278,2594915,3863008886
2725.004,ICMP,2600769,3871723946,2606527,3880265334
2735.078,ICMP,2612379,3888977366,2612383,3889013974
2745.109,ICMP,2624127,3906466934,2624131,3906503542
2750.086,ICMP,2630536,3916038000,2636448,3924808096
2760.159,ICMP,2642212,3933389120,2642216,3933425728
2770.197,ICMP,2653874,3950747764,2653908,3950831264
2775.174,ICMP,2659729,3959496362,2665534,3968106324
2785.243,ICMP,2671386,3976818356,2671412,3976889744
2795.274,ICMP,2683047,3994176958,2683050,3994213524
2800.250,ICMP,2688943,4002987630,2694795,4011666526
2810.324,ICMP,2700603,4020313054,2700624,4020376872
2820.356,ICMP,2712352,4037802664,2712355,4037839230
2825.333,ICMP,2718207,4046551262,2724056,4055226728
2835.403,ICMP,2729864,4063873256,2729897,4063955242
2845.433,ICMP,2741657,4081428370,2741685,4081502786
2850.409,ICMP,2747468,4090111464,2753317,4098786930
2860.481,ICMP,2759169,4107498962,2759172,4107535528
2870.528,ICMP,2770786,4124792060,2770832,4124893728
2875.504,ICMP,2776597,4133475154,2782402,4142085116
2885.575,ICMP,2788167,4150666182,2788198,4150746612
2895.611,ICMP,2799432,4167435248,2799474,4167532332
2900.586,ICMP,2805347,4176275046,2811136,4184859312
2910.656,ICMP,2816901,4193440378,2816921,4193504154
2920.688,ICMP,2828385,4210536922,2828387,4210573446
2925.665,ICMP,2834239,4219285478,2840001,4227829978
2935.739,ICMP,2845810,4236476548,2845812,4236513072
2945.774,ICMP,2857338,4253638596,2857375,4253728110
2950.753,ICMP,2863279,4262517758,2869086,4271128164
2960.821,ICMP,2874895,4279774734,2874897,4279811258
2970.853,ICMP,2886467,4297002286,2886500,4297085744
2975.832,ICMP,2892453,4305947354,2898215,4314491854
2985.901,ICMP,2904068,4323203928,2904082,4323258620
2995.935,ICMP,2915684,4340496984,2915686,4340533508
3000.915,ICMP,2922218,4350258380,2928050,4358903692
3010.988,ICMP,2933858,4367550220,2933859,4367586702
3021.021,ICMP,2945474,4384843276,2945475,4384879758
3025.998,ICMP,2951415,4393722798,2957310,4402463852
3036.067,ICMP,2963250,4411306892,2963292,4411405448
3046.096,ICMP,2975087,4428927510,2975088,4428963992
3051.072,ICMP,2981017,4437791490,2986923,4446548086
3061.143,ICMP,2992775,4455260118,2992819,4455361702
3071.179,ICMP,3004480,4472684224,3004481,4472720706
3076.156,ICMP,3010377,4481498242,3016228,4490173792
3086.229,ICMP,3022036,4498820320,3022037,4498856802
3096.262,ICMP,3033696,4516178880,3033712,4516238072
3101.237,ICMP,3039637,4525058402,3045489,4533733994
3111.311,ICMP,3051385,4542511530,3051396,4542563152
3121.342,ICMP,3063089,4559935594,3063128,4560029608
3126.318,ICMP,3068942,4568684108,3074750,4577294196
3136.387,ICMP,3080647,4586071774,3080666,4586136980
3146.427,ICMP,3092395,4603561342,3092395,4603597782
3151.407,ICMP,3098306,4612398028,3104099,4620985406
3161.480,ICMP,3109951,4629697438,3109976,4629771728
3171.520,ICMP,3121744,4647252552,3121762,4647316244
3176.496,ICMP,3127684,4656132032,3133580,4664873128
3186.570,ICMP,3139432,4673585160,3139432,4673621600
3196.601,ICMP,3151004,4690812712,3151004,4690849152
3201.577,ICMP,3156941,4699687290,3162753,4708302322
3211.647,ICMP,3168649,4717079858,3168649,4717116298
3221.681,ICMP,3180221,4734307410,3180223,4734346878
3226.659,ICMP,3186111,4743113414,3191881,4751665970
3236.733,ICMP,3197734,4760378044,3197751,4760440222
3246.765,ICMP,3209879,4778457190,3209879,4778495102
3251.742,ICMP,3215774,4787271124,3221583,4795881254
3261.820,ICMP,3227347,4804462278,3227346,4804498676
3271.858,ICMP,3239052,4821886384,3239051,4821922782
3276.834,ICMP,3244859,4830569310,3250580,4839048432
3286.908,ICMP,3256388,4847694960,3256424,4847787376
3296.936,ICMP,3267916,4864857008,3267959,4864958910
3301.920,ICMP,3273760,4873594480,3279489,4882084602
3311.993,ICMP,3285253,4890665626,3285259,4890712622
3322.028,ICMP,3297045,4908220698,3297044,4908257096
3327.004,ICMP,3302911,4916991838,3308793,4925710266
3337.084,ICMP,3314601,4934356794,3314637,4934449210
3347.122,ICMP,3326349,4951846362,3326383,4951935750
3352.097,ICMP,3332278,4960710300,3338054,4969270468
3362.172,ICMP,3343906,4977982500,3343918,4978038580
3372.202,ICMP,3355611,4995406606,3355650,4995505036
3377.179,ICMP,3361558,5004299628,3367491,5013092686
3387.249,ICMP,3373387,5021870222,3373420,5021959568
3397.283,ICMP,3385180,5039425336,3385178,5039461692
3402.259,ICMP,3391074,5048239228,3396972,5056980408
3412.329,ICMP,3402824,5065692440,3402822,5065728796
3422.358,ICMP,3414528,5083116504,3414526,5083152860
3427.336,ICMP,3420466,5091995900,3426364,5100737080
3437.407,ICMP,3432172,5109383608,3432203,5109469926
3447.437,ICMP,3444009,5127004226,3444007,5127040582
3452.413,ICMP,3449903,5135818118,3455845,5144624802
3462.485,ICMP,3461697,5153336834,3461705,5153388330
3472.518,ICMP,3473445,5170826402,3473474,5170909692
3477.496,ICMP,3479390,5179716396,3485325,5188512482
3487.569,ICMP,3491706,5198010604,3491727,5198083254
3497.607,ICMP,3503235,5215172694,3503241,5215222634
3502.583,ICMP,3509120,5223975544,3514983,5232662262
3512.655,ICMP,3520879,5241439798,3520876,5241476112
3522.685,ICMP,3532407,5258601846,3532404,5258638160
3527.662,ICMP,3538168,5267219184,3543935,5275763894
3537.735,ICMP,3549787,5284475926,3549804,5284542520
3547.766,ICMP,3561316,5301638016,3561313,5301674330
3552.743,ICMP,3567103,5310294718,3572844,5318800064
3562.815,ICMP,3578696,5327512096,3578693,5327548410
3572.848,ICMP,3590224,5344674144,3590221,5344710458
3577.824,ICMP,3596003,5353318734,3601884,5362032704
3587.893,ICMP,3607648,5370613728,3607666,5370681836
3597.925,ICMP,3619397,5388103338,3619438,5388205156
3602.902,ICMP,3625280,5396903160,3631102,5405527444
3612.976,ICMP,3636954,5414239476,3636971,5414307542
3623.009,ICMP,3648614,5431598036,3648624,5431655504
3627.986,ICMP,3654506,5440411844,3660362,5449087604
3638.060,ICMP,3666170,5457734132,3666183,5457796142
3648.093,ICMP,3677831,5475092734,3677830,5475133548
3653.069,ICMP,3683679,5483841038,3689535,5492516798
3663.140,ICMP,3695431,5501294334,3695427,5501330606
3673.172,ICMP,3707048,5518587432,3707044,5518623704
3678.151,ICMP,3712808,5527204728,3718664,5535880488
3688.219,ICMP,3724516,5544592520,3724512,5544628792
3698.252,ICMP,3736089,5561820114,3736128,5561921488
3703.228,ICMP,3741937,5570568418,3747749,5579178674
3713.297,ICMP,3753557,5587825202,3753576,5587896296
3723.330,ICMP,3765175,5605118342,3765201,5605201506
3728.309,ICMP,3771066,5613932108,3777539,5623524966
3738.381,ICMP,3783436,5632302544,3783462,5632385708
3748.415,ICMP,3795184,5649792112,3795179,5649828342
3753.392,ICMP,3801033,5658543402,3806888,5667216176
3763.462,ICMP,3812741,5675928250,3812736,5675964480
3773.494,ICMP,3824445,5693352314,3824440,5693388544
3778.473,ICMP,3830287,5702094118,3836193,5710841882
3788.545,ICMP,3842046,5719553956,3842041,5719590186
3798.579,ICMP,3853706,5736912516,3853738,5737004764
3803.554,ICMP,3859590,5745716796,3865411,5754336622
3813.623,ICMP,3871351,5763179662,3871346,5763215892
3823.656,ICMP,3883011,5780538222,3883041,5780627442
3828.634,ICMP,3888814,5789220980,3894584,5797765816
3838.707,ICMP,3900480,5806543352,3900475,5806579582
3848.736,ICMP,3912141,5823901954,3912156,5823969936
3853.711,ICMP,3918047,5832739902,3923846,5841326060
3863.789,ICMP,3929742,5850103596,3929736,5850139784
3873.819,ICMP,3941446,5867527660,3941440,5867563848
3878.796,ICMP,3947293,5876275922,3953195,5885017270
3888.871,ICMP,3959091,5893794806,3959085,5893830994
3898.901,ICMP,3970707,5911087862,3970701,5911124050
3903.876,ICMP,3976440,5919666864,3982192,5928184448
3913.952,ICMP,3988000,5936830976,3988030,5936921668
3923.985,ICMP,3999616,5954124032,3999619,5954173846
3928.962,ICMP,4005419,5962806790,4011233,5971417130
3939.030,ICMP,4017129,5980194666,4017165,5980294442
3949.062,ICMP,4028921,5997749738,4028926,5997802580
3954.037,ICMP,4034828,6006589200,4040669,6015239306
3964.109,ICMP,4046567,6024016926,4046601,6024115146
3974.145,ICMP,4058315,6041506494,4058339,6041589574
3979.122,ICMP,4064732,6051106224,4070635,6059847614
3989.195,ICMP,4076531,6068625150,4076547,6068696118
3999.225,ICMP,4088236,6086049256,4088243,6086106598
4004.209,ICMP,4094146,6094894732,4099984,6103538824
4014.281,ICMP,4105924,6112381864,4105957,6112478570
4024.314,ICMP,4117672,6129871432,4117665,6129907578
4029.294,ICMP,4123605,6138750618,4129508,6147492008
4039.367,ICMP,4135493,6156400594,4135506,6156467020
4049.404,ICMP,4147329,6174021170,4147322,6174057316
4054.381,ICMP,4153262,6182900356,4159209,6191707250
4064.450,ICMP,4165193,6200615794,4165192,6200661024
4074.483,ICMP,4176986,6218170908,4176979,6218207054
4079.461,ICMP,4182845,6226940282,4188735,6235660518
4089.535,ICMP,4194587,6244372550,4194605,6244448018
4099.567,ICMP,4206203,6261665606,4206227,6261750158
4104.544,ICMP,4212043,6270408798,4217864,6279024208
4114.618,ICMP,4223804,6287867248,4223796,6287903352
4124.648,ICMP,4235508,6305291312,4235500,6305327416
4129.626,ICMP,4241326,6314001196,4247080,6322518864
4139.696,ICMP,4253020,6331361904,4253012,6331398008
4149.727,ICMP,4264593,6348589498,4264585,6348625602
4154.704,ICMP,4270461,6357373970,4276209,6365882554
4164.775,ICMP,4282017,6374529082,4282043,6374616662
4174.808,ICMP,4293589,6391756634,4293581,6391792738
4179.783,ICMP,4299390,6400439308,4305162,6408984228
4189.855,ICMP,4311014,6417696260,4311006,6417732364
4199.887,ICMP,4322674,6435054820,4322666,6435090924
4204.868,ICMP,4328518,6443802956,4334335,6452413422
4214.944,ICMP,4340275,6461256462,4340299,6461342486
4224.980,ICMP,4351936,6478615064,4351940,6478670808
4229.955,ICMP,4358324,6488174944,4364124,6496759672
4240.029,ICMP,4369976,6505471704,4369994,6505548644
4250.059,ICMP,4381724,6522961272,4381715,6522997334
4255.040,ICMP,4387524,6531643904,4393429,6540385378
4265.108,ICMP,4399325,6549162914,4399354,6549256508
4275.138,ICMP,4411117,6566717986,4411108,6566754048
4280.115,ICMP,4416917,6575402090,4422733,6584011042
4290.189,ICMP,4428586,6592723116,4428578,6592760692
4300.220,ICMP,4440334,6610212684,4440325,6610248746
4305.197,ICMP,4446201,6618997114,4452082,6627702252
4315.268,ICMP,4457934,6636414284,4457963,6636507878
4325.299,ICMP,4469596,6653772928,4469601,6653831658
4330.275,ICMP,4475405,6662472130,4481300,6671196992
4340.355,ICMP,4487108,6679843520,4487136,6679937072
4350.387,ICMP,4498680,6697071072,4498670,6697107092
4355.366,ICMP,4504470,6705741148,4510297,6714364170
4365.435,ICMP,4516237,6723207210,4516227,6723243230
4375.472,ICMP,4527985,6740696778,4527975,6740732798
4380.448,ICMP,4533823,6749439886,4539557,6757924330
4390.524,ICMP,4545278,6766439892,4545309,6766537986
4400.554,ICMP,4556982,6783863956,4556992,6783930256
4405.533,ICMP,4562732,6792476056,4568554,6801091508
4415.610,ICMP,4574318,6809672532,4574313,6809716122
4425.652,ICMP,4585935,6826965630,4585925,6827001650
4430.631,ICMP,4591733,6835648178,4597507,6844193182
4440.702,ICMP,4603403,6852970718,4603393,6853006738
4450.733,ICMP,4615196,6870525832,4615215,6870607230
4455.711,ICMP,4621028,6879259856,4626901,6887949938
4465.782,ICMP,4633413,6897644530,4633433,6897727442
4475.816,ICMP,4645161,6915134098,4645189,6915229122
4480.793,ICMP,4650969,6923833258,4656909,6932623666
4490.862,ICMP,4662806,6941401244,4662795,6941437222
4500.894,ICMP,4674510,6958825308,4674513,6958882482
4505.868,ICMP,4680211,6967365806,4686038,6975987356
4515.939,ICMP,4691802,6984568380,4691791,6984604358
4525.971,ICMP,4703375,7001795974,4703371,7001842550
4530.949,ICMP,4709128,7010412976,4714947,7019023526
4541.017,ICMP,4720843,7027801062,4720832,7027837040
4551.049,ICMP,4732547,7045225126,4732548,7045279272
4556.025,ICMP,4738300,7053842128,4744164,7062518224
4566.096,ICMP,4750061,7071295802,4750049,7071331738
4576.127,ICMP,4761721,7088654362,4761721,7088708466
4581.103,ICMP,4767606,7097467876,4773514,7106209476
4591.175,ICMP,4779366,7114921508,4779354,7114957444
4601.206,ICMP,4791071,7132345614,4791059,7132381550
4606.182,ICMP,4796901,7141079554,4802775,7149769678
4616.255,ICMP,4808671,7158547214,4808659,7158583150
4626.286,ICMP,4820420,7176036824,4820408,7176072760
4631.261,ICMP,4826260,7184784792,4832168,7193526392
4641.331,ICMP,4838064,7202303928,4838063,7202356518
4651.366,ICMP,4849769,7219728034,4849757,7219763970
4656.342,ICMP,4855605,7228471058,4861473,7237152098
4666.414,ICMP,4867413,7245995138,4867409,7246043186
4676.445,ICMP,4879250,7263615756,4879238,7263651692
4681.427,ICMP,4885089,7272363322,4890823,7280843350
4691.501,ICMP,4896456,7289227904,4896466,7289298620
4701.544,ICMP,4907896,7306258944,4907896,7306314520
4706.523,ICMP,4913658,7314892516,4919469,7323486538
4716.594,ICMP,4925937,7333115626,4925935,7333168174
4726.627,ICMP,4937597,7350474186,4937600,7350534304
4731.607,ICMP,4943304,7359025600,4949170,7367701780
4741.680,ICMP,4955022,7376413812,4955046,7376505724
4751.713,ICMP,4966726,7393837876,4966753,7393934330
4756.690,ICMP,4972508,7402500256,4978475,7411327486
4766.765,ICMP,4984327,7420039518,4984351,7420131430
4776.800,ICMP,4996164,7437660136,4996151,7437696030
4781.777,ICMP,5001950,7446330044,5007824,7455018696
4791.849,ICMP,5013676,7463730728,5013682,7463795388
4801.879,ICMP,5025425,7481220338,5025424,7481274400
4807.052,ICMP,5031220,7489902760,5036998,7498447932
4817.127,ICMP,5042850,7507159964,5042836,7507195816
4827.160,ICMP,5054599,7524649574,5054585,7524685426
4832.136,ICMP,5060441,7533403514,5066347,7542139142
4842.205,ICMP,5072243,7550916678,5072241,7550970698
4852.234,ICMP,5084080,7568537296,5084066,7568573148
4857.210,ICMP,5090006,7577416188,5095960,7586223376
4867.280,ICMP,5101812,7594935408,5101798,7594971260
4877.318,ICMP,5114133,7613276570,5114138,7613341188
4882.293,ICMP,5120059,7622155462,5125925,7630831642
4892.362,ICMP,5131821,7639609178,5131847,7639705590
4902.392,ICMP,5143613,7657164250,5143599,7657200102
4907.368,ICMP,5149485,7665963610,5155318,7674588356
4917.435,ICMP,5161170,7683300388,5161198,7683399828
4927.468,ICMP,5172919,7700789998,5172947,7700890910
4932.445,ICMP,5178888,7709734352,5184755,7718410574
4942.521,ICMP,5190651,7727188110,5190663,7727264798
4952.554,ICMP,5202400,7744677720,5202385,7744713530
4957.535,ICMP,5208221,7753402450,5214104,7762101784
4967.608,ICMP,5219956,7770813816,5219941,7770849626
4977.641,ICMP,5231749,7788368930,5231734,7788404740
4982.617,ICMP,5237630,7797182276,5243453,7805792994
4992.686,ICMP,5249305,7814505026,5249290,7814540836
5002.720,ICMP,5260883,7831741662,5260906,7831833892
5007.701,ICMP,5266749,7840533410,5272582,7849156684
5017.773,ICMP,5278434,7857868716,5278431,7857922694
5027.803,ICMP,5290138,7875292780,5290123,7875328590
5032.779,ICMP,5295931,7883975118,5301754,7892585836
5042.848,ICMP,5307651,7901363414,5307667,7901446158
5052.880,ICMP,5319400,7918853024,5319384,7918888792
5057.858,ICMP,5325230,7927592852,5331104,7936277088
5067.935,ICMP,5337000,7945054624,5336984,7945090392
5077.968,ICMP,5348705,7962478730,5348725,7962569002
5082.945,ICMP,5354585,7971292034,5360497,7980033802
5093.019,ICMP,5366393,7988811338,5366377,7988847106
5103.057,ICMP,5378053,8006169898,5378038,8006207180
5108.033,ICMP,5383836,8014839680,5389714,8023528500
5118.107,ICMP,5395610,8032306036,5395594,8032341804
5128.135,ICMP,5407842,8050516148,5407855,8050595822
5133.116,ICMP,5413720,8059327536,5419590,8068005716
5143.183,ICMP,5425487,8076783294,5425471,8076819062
5153.213,ICMP,5437191,8094207358,5437175,8094243126
5158.190,ICMP,5443027,8102955158,5448808,8111500456
5168.260,ICMP,5454704,8120277992,5454700,8120333400
5178.298,ICMP,5466408,8137702056,5466402,8137754436
5183.276,ICMP,5472278,8146501332,5478113,8155126162
5193.349,ICMP,5484053,8163969202,5484036,8164004928
5203.377,ICMP,5495757,8181393266,5495740,8181428992
5208.353,ICMP,5501548,8190075520,5507329,8198620818
5218.422,ICMP,5513137,8207267346,5513121,8207304586
5228.457,ICMP,5524622,8224363932,5524622,8224425396
5233.439,ICMP,5530369,8232980682,5536062,8241394972
5243.510,ICMP,5541870,8250041500,5541862,8250090852
5253.540,ICMP,5553398,8267203548,5553424,8267304376
5258.517,ICMP,5559181,8275874802,5565015,8284496646
5268.596,ICMP,5570735,8293012166,5570729,8293064546
5278.627,ICMP,5582175,8310043206,5582158,8310078932
5283.601,ICMP,5588010,8318790964,5593748,8327270800
5293.671,ICMP,5599512,8335851824,5599503,8335901134
5303.703,ICMP,5611041,8353013914,5611050,8353090476
5308.682,ICMP,5616839,8361708238,5622613,8370241466
5318.757,ICMP,5628333,8378756986,5628319,8378798726
5328.788,ICMP,5639817,8395853530,5639799,8395889214
5333.767,ICMP,5645563,8404470238,5651345,8413015578
5343.839,ICMP,5657242,8421793156,5657224,8421828840
5353.876,ICMP,5668638,8438758692,5668633,8438814058
5358.856,ICMP,5674516,8447571912,5680386,8456248260
5368.923,ICMP,5686810,8465811844,5686811,8465876294
5378.956,ICMP,5698382,8483039396,5698364,8483075080
5383.932,ICMP,5704088,8491595184,5709911,8500201486
5394.002,ICMP,5715719,8508848014,5715701,8508883698
5404.034,ICMP,5727336,8526141112,5727317,8526176754
5409.009,ICMP,5733165,8534883842,5738996,8543499672
5419.079,ICMP,5744848,8552211704,5744856,8552288224
5429.110,ICMP,5756465,8569504802,5756446,8569540444
5434.087,ICMP,5762313,8578275186,5768169,8586928866
5444.162,ICMP,5773977,8595575394,5773995,8595667054
5454.198,ICMP,5785549,8612802946,5785530,8612838588
5459.176,ICMP,5791382,8621550620,5797209,8630161506
5469.245,ICMP,5803018,8638808076,5802999,8638843718
5479.274,ICMP,5814590,8656035628,5814604,8656121232
5484.252,ICMP,5820467,8664848806,5826338,8673525196
5494.325,ICMP,5832190,8682237228,5832171,8682272870
5504.355,ICMP,5843806,8699530284,5843827,8699626486
5509.331,ICMP,5849640,8708278000,5855467,8716888886
5519.398,ICMP,5861363,8725666422,5861344,8725702064
5529.432,ICMP,5872980,8742959520,5872973,8743014802
5534.408,ICMP,5878835,8751740502,5884641,8760318122
5544.479,ICMP,5890537,8769095658,5890517,8769131258
5554.512,ICMP,5902153,8786388714,5902172,8786483360
5559.490,ICMP,5908054,8795238228,5913858,8803812820
5569.558,ICMP,5919710,8812524852,5919719,8812604358
5579.590,ICMP,5931414,8829948916,5931412,8830011768
5584.568,ICMP,5937249,8838699618,5942943,8847111006
5594.643,ICMP,5948619,8855561022,5948616,8855622360
5604.675,ICMP,5960235,8872854078,5960255,8872950238
5609.652,ICMP,5965980,8881470744,5971764,8890016168
5619.722,ICMP,5977616,8898728200,5977596,8898763800
5629.756,ICMP,5989804,8916872808,5989784,8916908408
5634.732,ICMP,5995637,8925620482,6001465,8934231410
5644.805,ICMP,6007318,8942943484,6007297,8942979042
5654.839,ICMP,6018978,8960302044,6018973,8960361826
5659.816,ICMP,6024854,8969115180,6030683,8977726150
5669.888,ICMP,6036491,8986372678,6036472,8986411264
5679.922,ICMP,6048195,9003796742,6048174,9003832300
5684.898,ICMP,6054027,9012544374,6059944,9021286352
5694.975,ICMP,6065796,9029998384,6065775,9030033942
5705.009,ICMP,6077412,9047291440,6077391,9047326998
5709.990,ICMP,6083082,9055798252,6088941,9064453530
5720.061,ICMP,6094749,9073100058,6094728,9073135616
5730.092,ICMP,6106365,9090393114,6106363,9090457438
5735.069,ICMP,6112153,9099075242,6118070,9107817220
5745.138,ICMP,6123878,9116463748,6123874,9116525044
5755.167,ICMP,6135582,9133887812,6135561,9133923370
5760.144,ICMP,6141381,9142586594,6147200,9151180952
5770.215,ICMP,6153096,9159958488,6153074,9159994004
5780.251,ICMP,6164712,9177251544,6164722,9177335508
5785.228,ICMP,6170499,9185933630,6176329,9194544642
5795.298,ICMP,6182181,9203256674,6182189,9203337610
5805.328,ICMP,6193841,9220615234,6193820,9220652264
5810.304,ICMP,6199583,9229231774,6205458,9237908332
5820.373,ICMP,6211398,9246751372,6211376,9246786888
5830.410,ICMP,6223190,9264306444,6223168,9264341960
5835.387,ICMP,6228932,9272922984,6234806,9281599500
5845.458,ICMP,6240703,9290377078,6240681,9290412594
5855.487,ICMP,6252451,9307866646,6252429,9307902162
5860.464,ICMP,6258221,9316525578,6264067,9325159702
5870.537,ICMP,6269875,9333806230,6269885,9333890194
5880.572,ICMP,6282152,9352081888,6282146,9352141628
5885.548,ICMP,6288026,9360894940,6293681,9369243978
5895.618,ICMP,6299489,9377890506,6299471,9377933550
5905.648,ICMP,6311105,9395183562,6311087,9395226606
5910.625,ICMP,6316869,9403833410,6322678,9412411156
5920.704,ICMP,6328486,9421057684,6328466,9421097700
5930.735,ICMP,6340102,9438350740,6340089,9438401354
5935.711,ICMP,6345925,9447090274,6351675,9455578334
5945.782,ICMP,6357439,9464159358,6357416,9464194832
5955.815,ICMP,6369099,9481517918,6369076,9481553392
5960.793,ICMP,6374928,9490265424,6380803,9498941982
5970.864,ICMP,6386656,9507654056,6386649,9507713754
5980.895,ICMP,6398404,9525143624,6398404,9525213920
5985.871,ICMP,6404321,9534022138,6410240,9542764200
5995.943,ICMP,6416092,9551476232,6416071,9551514734
6005.974,ICMP,6427798,9568900380,6427804,9568981232
6010.954,ICMP,6433669,9577712946,6439502,9586324444
6021.023,ICMP,6445354,9595036476,6445330,9595071908
6031.056,ICMP,6457058,9612460540,6457054,9612526252
6036.035,ICMP,6462843,9621142542,6468675,9629753638
6046.106,ICMP,6474615,9638596678,6474599,9638644222
6056.139,ICMP,6486275,9655955238,6486292,9656052744
6061.119,ICMP,6492147,9664768206,6498024,9673444848
6071.187,ICMP,6503876,9682156880,6503888,9682246816
6081.220,ICMP,6515624,9699646448,6515600,9699681880
6086.197,ICMP,6521452,9708393912,6527284,9717005008
6096.269,ICMP,6533048,9725586032,6533062,9725678996
6106.302,ICMP,6544709,9742944634,6544715,9743025486
6111.280,ICMP,6550439,9751547062,6556237,9760106682
6121.351,ICMP,6562001,9768687706,6561977,9768723138
6131.386,ICMP,6574146,9786766852,6574121,9786802242
6136.362,ICMP,6579973,9795514274,6585718,9803994404
6146.433,ICMP,6591483,9812575470,6591461,9812615402
6156.466,ICMP,6603099,9829868526,6603074,9829903916
6161.447,ICMP,6608859,9838516734,6614715,9847161582
6171.520,ICMP,6620567,9855873614,6620542,9855909004
6181.552,ICMP,6632183,9873166670,6632158,9873202060
6186.528,ICMP,6637808,9881612352,6643492,9890001240
6196.603,ICMP,6649212,9898516760,6649222,9898605140
6206.637,ICMP,6660652,9915547800,6660651,9915619526
6211.613,ICMP,6666374,9924139588,6672092,9932578840
6221.688,ICMP,6677812,9941094360,6677816,9941173656
6231.719,ICMP,6689385,9958321954,6689392,9958405792
6236.697,ICMP,6695168,9967003872,6700869,9975418498
6246.766,ICMP,6706546,9983868556,6706527,9983914502
6256.803,ICMP,6718030,10000965100,6718010,10001009532
6261.784,ICMP,6723768,10009581472,6729514,10018061644
6271.855,ICMP,6735411,10026839222,6735385,10026874570
6281.886,ICMP,6747159,10044328790,6747145,10044382306
6286.863,ICMP,6752941,10053010666,6758775,10061621846
6296.933,ICMP,6764627,10070333878,6764601,10070369226
6306.972,ICMP,6776331,10087757942,6776347,10087856878
6311.947,ICMP,6782202,10096570868,6788080,10105247552
6322.017,ICMP,6793932,10113959584,6793906,10113994932
6332.054,ICMP,6805636,10131383648,6805610,10131418996
6337.032,ICMP,6811376,10140003048,6817208,10148611200
6347.103,ICMP,6823060,10157323232,6823058,10157394916
6357.136,ICMP,6834809,10174812842,6834790,10174858788
6362.112,ICMP,6840634,10183559820,6846954,10192891988
6372.181,ICMP,6852806,10201604020,6852779,10201639326
6382.215,ICMP,6864554,10219093588,6864549,10219162202
6387.194,ICMP,6870379,10227840926,6876171,10236386686
6397.268,ICMP,6882067,10245164222,6882061,10245231322
6407.301,ICMP,6893859,10262719294,6893832,10262754600
6412.275,ICMP,6899728,10271532136,6905563,10280143358
6422.346,ICMP,6911415,10288855390,6911401,10288910378
6432.386,ICMP,6923208,10306410504,6923181,10306445810
6437.366,ICMP,6929066,10315207804,6935000,10323965576
6447.442,ICMP,6940808,10332612104,6940809,10332689802
6457.473,ICMP,6952644,10350232680,6952617,10350267986
6462.448,ICMP,6958427,10358917542,6964129,10367329266
6472.520,ICMP,6969981,10376041298,6969954,10376076604
6482.553,ICMP,6981641,10393399858,6981652,10393492696
6487.528,ICMP,6987290,10401885180,6992862,10410103420
6497.600,ICMP,6998627,10418684486,6998604,10418727320
6507.633,ICMP,7010243,10435977542,7010253,10436070338
6512.609,ICMP,7016046,10444694156,7021859,10453270598
6522.684,ICMP,7027623,10461851622,7027629,10461938362
6532.721,ICMP,7039240,10479144720,7039212,10479179984
6537.698,ICMP,7044976,10487761008,7050768,10496306768
6547.771,ICMP,7056488,10504822288,7056460,10504857552
6557.808,ICMP,7068105,10522115386,7068077,10522150650
6562.785,ICMP,7073826,10530710076,7079633,10539277434
6572.855,ICMP,7085353,10547792954,7085347,10547861526
6582.888,ICMP,7096925,10565020506,7096897,10565055770
6587.865,ICMP,7102618,10573571332,7108410,10582117092
6597.936,ICMP,7114130,10590632612,7114102,10590667876
6607.968,ICMP,7126231,10608646254,7126202,10608681476
6612.946,ICMP,7132045,10617380994,7137892,10626004856
6623.016,ICMP,7143656,10634585880,7143627,10634621102
6633.048,ICMP,7155404,10652075448,7155384,10652124296
6638.025,ICMP,7161190,10660767796,7167064,10669434008
6648.095,ICMP,7172741,10677884066,7172712,10677919288
6658.127,ICMP,7184357,10695177122,7184328,10695212344
6663.104,ICMP,7190091,10703792966,7195926,10712401244
6673.175,ICMP,7201649,10720920194,7201642,10720988724
6683.208,ICMP,7213442,10738475308,7213413,10738510530
6688.184,ICMP,7219221,10747157058,7225014,10755702860
6698.254,ICMP,7230778,10764283884,7230785,10764373610
6708.284,ICMP,7242570,10781838956,7242541,10781874178
6713.261,ICMP,7248373,10790557042,7254142,10799066508
6723.328,ICMP,7259952,10807713120,7259922,10807748300
6733.361,ICMP,7271612,10825071680,7271620,10825164392
6738.339,ICMP,7277454,10833849172,7283316,10842495744
6748.416,ICMP,7289168,10851207776,7289138,10851242956
6758.444,ICMP,7300872,10868631840,7300842,10868667020
6763.419,ICMP,7306650,10877313548,7312445,10885859434
6773.491,ICMP,7318297,10894571466,7318281,10894627842
6783.523,ICMP,7330001,10911995530,7329971,10912030710
6788.499,ICMP,7335603,10920415222,7341309,10928830058
6798.575,ICMP,7347073,10937411082,7347059,10937470486
6808.606,ICMP,7358689,10954704138,7358659,10954739318
6813.583,ICMP,7364428,10963326440,7370262,10971931732
6823.652,ICMP,7376070,10980578260,7376040,10980613440
6833.686,ICMP,7387686,10997871316,7387657,10997908010
6838.662,ICMP,7393466,11006556052,7399303,11015164414
6848.734,ICMP,7405111,11023810942,7405080,11023846080
6858.771,ICMP,7417388,11042086600,7417383,11042161102
6863.753,ICMP,7423165,11050768266,7429048,11059445160
6873.829,ICMP,7434900,11068157192,7434869,11068192330
6883.860,ICMP,7446604,11085581256,7446573,11085616394
6888.838,ICMP,7452341,11094203474,7458176,11102808808
6898.911,ICMP,7463984,11111455336,7463995,11111554062
6908.943,ICMP,7475513,11128617426,7475483,11128654078
6913.921,ICMP,7481266,11137263868,7487129,11145910482
6923.997,ICMP,7492981,11154622514,7492950,11154657652
6934.035,ICMP,7504817,11172243090,7504807,11172310022
6939.010,ICMP,7510682,11181055764,7516565,11189732658
6949.082,ICMP,7522374,11198379228,7522368,11198452216
6959.110,ICMP,7533990,11215672284,7533959,11215707422
6964.088,ICMP,7539723,11224288446,7545475,11232768870
6974.162,ICMP,7551283,11241415398,7551287,11241504998
6984.193,ICMP,7562987,11258839462,7562955,11258874558
6989.169,ICMP,7568763,11267521086,7574560,11276067056
6999.239,ICMP,7580412,11284779088,7580380,11284814184
7009.271,ICMP,7592116,11302203152,7592084,11302238248
7014.249,ICMP,7597892,11310884776,7603732,11319496208
7024.319,ICMP,7609496,11328077232,7609497,11328162290
7034.353,ICMP,7621024,11345239280,7621012,11345304656
7039.328,ICMP,7626801,11353920946,7632641,11362532378
7049.400,ICMP,7638449,11371178906,7638434,11371239740
7059.429,ICMP,7650065,11388471962,7650072,11388566104
7064.404,ICMP,7655897,11397237258,7661726,11405830564
7074.475,ICMP,7667490,11414411588,7667499,11414508758
7084.506,ICMP,7679151,11431770190,7679118,11431805244
7089.487,ICMP,7684727,11440156046,7690416,11448539256
7099.558,ICMP,7696180,11457120280,7696149,11457158362
7109.590,ICMP,7708148,11474937368,7708127,11474990590
7114.566,ICMP,7713835,11483487942,7719677,11492099458
7124.638,ICMP,7725485,11500745986,7725493,11500843114
7134.672,ICMP,7737101,11518039042,7737105,11518130114
7139.649,ICMP,7742910,11526772100,7748805,11535463106
7149.721,ICMP,7754614,11544109676,7754609,11544187122
7159.748,ICMP,7766362,11561599244,7766348,11561663064
7164.725,ICMP,7772259,11570463310,7778154,11579154316
7174.794,ICMP,7784051,11587931894,7784018,11587966948
7184.827,ICMP,7795799,11605421462,7795766,11605456516
7189.804,ICMP,7801586,11614121212,7807503,11622845526
7199.877,ICMP,7813356,11631557600,7813323,11631592654
7209.906,ICMP,7825061,11648981706,7825027,11649016718
7214.884,ICMP,7830835,11657663246,7836721,11666340266
7224.951,ICMP,7842618,11675117844,7842584,11675152856
7234.981,ICMP,7854366,11692607412,7854341,11692656050
7239.958,ICMP,7860140,11701288952,7866026,11709965972
7250.033,ICMP,7871834,11718612500,7871800,11718647512
7260.064,ICMP,7883583,11736102110,7883583,11736188598
7265.042,ICMP,7889401,11744849154,7895243,11753460670
7275.115,ICMP,7901007,11762041694,7900973,11762076706
7285.148,ICMP,7912624,11779334792,7912619,11779413710
7290.126,ICMP,7918445,11788086378,7924328,11796758856
7300.198,ICMP,7930092,11805339880,7930095,11805430910
