duration,protocol,in_packets,in_bytes,out_packets,out_bytes
106.975,TCP,4349250,287050500,6629173,290087443050
136.997,TCP,5977248,394498344,9079048,397295899320
167.019,TCP,7651536,505001340,11600327,507626353630
197.039,TCP,9350114,617107488,14158417,619567031802
227.060,TCP,10987406,725168736,16623382,727431254564
257.081,TCP,12716916,839316372,19238211,841856084766
287.102,TCP,14403154,950608080,21775978,952907736124
317.123,TCP,16119029,1063855806,24359892,1065978714488
347.145,TCP,17829297,1176733494,26932396,1178549228192
377.168,TCP,19543665,1289881758,29510902,1291382019860
407.190,TCP,21236040,1401578484,32054947,1402707502486
437.211,TCP,22944243,1514319882,34623774,1515118389204
467.233,TCP,24650013,1626900678,37188710,1627358232276
497.254,TCP,26363899,1740017130,39766771,1740171202702
527.275,TCP,28090758,1853989800,42363169,1853786102218
557.296,TCP,29721326,1961607264,44816263,1961131282054
587.318,TCP,31416963,2073519282,47369260,2072848998648
617.340,TCP,33096058,2184339528,49896563,2183441011126
647.362,TCP,34773334,2295039720,52418138,2293783282204
677.383,TCP,36523861,2410574478,55054500,2409147615136
707.405,TCP,38201633,2521307406,57579863,2519660004782
737.427,TCP,39935571,2635747290,60192008,2633964267832
767.448,TCP,41595082,2745274992,62689606,2743258149524
797.468,TCP,43278477,2856379038,65222142,2854080473580
827.490,TCP,44975222,2968364208,67776562,2965861001692
857.511,TCP,46720502,3083552664,70404272,3080847473216
887.533,TCP,48347900,3190960908,72850434,3187890271564
917.554,TCP,50057730,3303809688,75421495,3300397774718
947.576,TCP,51686720,3411323004,77872759,3407662945766
977.598,TCP,53378059,3522951378,80416025,3518952594346
1007.620,TCP,55090271,3635957358,82993524,3631743834888
1037.641,TCP,56780000,3747479472,85539091,3743134757758
1067.661,TCP,58495374,3860694132,88120179,3856081359262
1097.683,TCP,60216393,3974281386,90707942,3969319053124
1127.705,TCP,61904215,4085677590,93252614,4080672626516
1157.725,TCP,63609022,4198194828,95822236,4193119872624
1187.746,TCP,65263331,4307379174,98310826,4302018304988
1217.766,TCP,66928647,4417290006,100817570,4411710331692
1247.787,TCP,68605970,4527993276,103343724,4522251674520
1277.809,TCP,70267263,4637638590,105844891,4631700325654
1307.828,TCP,71914578,4746361356,108323546,4740164515404
1337.849,TCP,73568039,4855489734,110812933,4849099373226
1367.870,TCP,75247660,4966344696,113344563,4959881987830
1397.892,TCP,76945165,5078379978,115904677,5071910684442
1427.913,TCP,78650787,5190951018,118474649,5184371322994
1457.934,TCP,80371643,5304527490,121069294,5297910478268
1487.955,TCP,82121095,5419991298,123707947,5413375297646
1517.976,TCP,83822879,5532309018,126270026,5525488468428
1547.998,TCP,85536734,5645423448,128850773,5638419908258
1578.019,TCP,87262808,5759344308,131449156,5752121642536
1608.040,TCP,88880544,5866114860,133884534,5858691804028
1638.061,TCP,90600323,5979620250,136475266,5972058931564
1668.083,TCP,92308323,6092348226,139048104,6084644080688
1698.104,TCP,94017971,6205184970,141621589,6197257650730
1728.126,TCP,95734771,6318493746,144206994,6310393870284
1758.147,TCP,97438806,6430960032,146777305,6422868097538
1788.169,TCP,99121993,6542050350,149310422,6533714118812
1818.191,TCP,100800265,6652816278,151836739,6644263992102
1848.212,TCP,102520221,6766333326,154428801,6757690975474
1878.233,TCP,104215358,6878212344,156981524,6869396418376
1908.255,TCP,105894135,6989011602,159508915,6979993352990
1938.276,TCP,107591753,7101054366,162066231,7091899508118
1968.297,TCP,109281310,7212565104,164610839,7203248686022
1998.318,TCP,110948736,7322615196,167121253,7313102631882
2028.340,TCP,112566090,7429360536,169553827,7419549532454
2058.362,TCP,114242003,7539970770,172076546,7529941423500
2088.384,TCP,115921498,7650817440,174606029,7640630049626
2118.406,TCP,117636456,7764004644,177188843,7753653245182
2148.428,TCP,119319789,7875104598,179722277,7864513508314
2178.449,TCP,121003658,7986239952,182257923,7975471303958
2208.471,TCP,122688842,8097462072,184795268,8086504512200
2238.492,TCP,124317514,8204954400,187249931,8193916249846
2268.513,TCP,126040837,8318693718,189842882,8307381302068
2298.535,TCP,127719575,8429490402,192369767,8417954806558
2328.556,TCP,129400342,8540421000,194900027,8528677103534
2358.578,TCP,131113122,8653464456,197478244,8641497161392
2388.599,TCP,132812778,8765641728,200035681,8753407912778
2418.621,TCP,134483857,8875932918,202552030,8863521117548
2448.642,TCP,136167999,8987086266,205088642,8974520329764
2478.664,TCP,137903634,9101638152,207700045,9088792234970
2508.686,TCP,139558073,9210831102,210193971,9197922819990
2538.707,TCP,141268283,9323704938,212766864,9310509678184
2568.728,TCP,142947660,9434543796,215295347,9421154066270
2598.750,TCP,144630336,9545600388,217830791,9532102411374
2628.772,TCP,146298875,9655723962,220345414,9642139873708
2658.793,TCP,147969794,9766004592,222861345,9752234635650
2688.814,TCP,149660484,9877590108,225413956,9863937056504
2718.835,TCP,151307686,9986305416,227892648,9972402298024
2748.856,TCP,152965520,10095722436,230389753,10081672947434
2778.876,TCP,154621190,10204996680,232884515,10190841336390
2808.898,TCP,156306399,10316220450,235422234,10301890757084
2838.920,TCP,158029813,10429965750,238015129,10415353643274
2868.941,TCP,159707422,10540687920,240540727,10525871685278
2898.963,TCP,161375492,10650780516,243049890,10635672791716
2928.985,TCP,163076857,10763070582,245610273,10747713432906
2959.006,TCP,164794710,10876448880,248196829,10860905958338
2989.027,TCP,166435005,10984708326,250664778,10968901384132
3019.049,TCP,168136661,11097017598,253227217,11081033190146
3049.071,TCP,169775451,11205177738,255692722,11188921565820
3079.092,TCP,171434420,11314669668,258188380,11298127894448
3109.114,TCP,173147670,11427744144,260768267,11411022053046
3139.135,TCP,174794821,11536456110,263251805,11519698902490
3169.158,TCP,176430801,11644430766,265714404,11627458700192
3199.179,TCP,178099531,11754566922,268227497,11737429346626
3229.201,TCP,179773597,11865055290,270749243,11847779754726
3259.222,TCP,181434084,11974647420,273245000,11956992970792
3289.244,TCP,183101544,12084699756,275755389,12066845669442
3319.266,TCP,184828683,12198690906,278357946,12180732818028
3349.286,TCP,186535480,12311339484,280928685,12293225751666
3379.308,TCP,188254340,12424784220,283514737,12406391571034
3409.329,TCP,189850538,12530133264,285922454,12511749719124
3439.351,TCP,191550833,12642352710,288483330,12623810512780
3469.373,TCP,193284450,12756771408,291101405,12738374492786
3499.393,TCP,194965149,12867697518,293634740,12849229179200
3529.415,TCP,196635315,12977928450,296149349,12959268802898
3559.437,TCP,198306755,13088243466,298665332,13069366517016
3589.459,TCP,199978382,13198570848,301185142,13179631731612
3619.480,TCP,201690550,13311573912,303765650,13292554242748
3649.501,TCP,203348701,13421011878,306268207,13402064392502
3679.524,TCP,205077718,13535126976,308873756,13516080517176
3709.545,TCP,206782693,13647655302,311437988,13628290036152
3739.567,TCP,208462172,13758500916,313965238,13738880473044
3769.589,TCP,210108070,13867130160,316446343,13847451451942
3799.611,TCP,211774743,13977130554,318956498,13957294305500
3829.632,TCP,213493475,14090566866,321545767,14070597830990
3859.654,TCP,215146888,14199692100,324035725,14179556843770
3889.675,TCP,216870505,14313450822,326630521,14293103479386
3919.697,TCP,218529814,14422965192,329128406,14402409242412
3949.719,TCP,220200703,14533243842,331644297,14512502624330
3979.740,TCP,221879094,14644017648,334170104,14623029199080
4009.762,TCP,223512178,14751801168,336626583,14730521010502
4039.783,TCP,225168875,14861143146,339123755,14839794875222
4069.804,TCP,226898072,14975270148,341726719,14953696862582
4099.827,TCP,228613719,15088502826,344314560,15066939803696
4129.848,TCP,230265166,15197498304,346799736,15175689112968
4159.871,TCP,231920785,15306769158,349292746,15284780709924
4189.893,TCP,233624804,15419234388,351861660,15397194420784
4219.912,TCP,235281290,15528562440,354357024,15506388015272
4249.933,TCP,236981472,15640774452,356917115,15618415726998
4279.956,TCP,238675593,15752586414,359470907,15730167836926
4309.977,TCP,240329328,15861732900,361961154,15839138140972
4340,TCP,242038335,15974527362,364537699,15951886981566
4370.021,TCP,243721236,16085598804,367072061,16062790232402
4400.042,TCP,245400973,16196461422,369601490,16173475184924
4430.064,TCP,247057521,16305793590,372095362,16282605308028
4460.086,TCP,248695049,16413870414,374559772,16390445769376
4490.109,TCP,250338246,16522321392,377034200,16498725131520
4520.130,TCP,252033932,16634236644,379589585,16610547011730
4550.152,TCP,253666457,16741983270,382049872,16718207173944
4580.174,TCP,255358531,16853660130,384599778,16829790075588
4610.196,TCP,256983980,16960939740,387045186,16936800055420
4640.218,TCP,258693237,17073750654,389620631,17049499803942
4670.240,TCP,260283734,17178723432,392012766,17154176856172
4700.260,TCP,261988585,17291243574,394578909,17266469077386
4730.282,TCP,263670536,17402252316,397109770,17377218348948
4760.303,TCP,265346663,17512876674,399631674,17487574403548
4790.326,TCP,267009763,17622641250,402139320,17597306269760
4820.347,TCP,268701694,17734308672,404686241,17708757247786
4850.368,TCP,270350431,17843125290,407167121,17817318512506
4880.390,TCP,272058935,17955886554,409737640,17929803960544
4910.411,TCP,273718729,18065432934,412235248,18039097120872
4940.432,TCP,275336425,18172200846,414671986,18145725830988
4970.454,TCP,276995549,18281703030,417170185,18255045441730
5000.475,TCP,278726046,18395915808,419776051,18369075809014
5030.496,TCP,280453024,18509896332,422379830,18483016450468
5060.518,TCP,282162776,18622739940,424957480,18595814254576
5090.540,TCP,283795427,18730494906,427415895,18703392242190
5120.561,TCP,285455939,18840088674,429915756,18812782872552
5150.582,TCP,287154708,18952207380,432474479,18924749152246
5180.603,TCP,288802350,19060951728,434955328,19033309432256
5210.625,TCP,290537249,19175455038,437570436,19147744438576
5240.647,TCP,292235446,19287536016,440128021,19259660049394
5270.668,TCP,293924380,19399005636,442671238,19370951660044
5300.690,TCP,295661643,19513664970,445288269,19485472907586
5330.711,TCP,297394203,19628013906,447897425,19599647540138
5360.732,TCP,299105557,19740963246,450477847,19712565458078
5390.754,TCP,300775297,19851166038,452992723,19822614733542
5420.774,TCP,302466957,19962815574,455541194,19934134036468
5450.795,TCP,304137638,20073080496,458052453,20044026638426
5480.817,TCP,305854396,20186386500,460639860,20157250284064
5510.839,TCP,307485367,20294030538,463097605,20264799195338
5540.857,TCP,309169218,20405164680,465636557,20375902174786
5570.879,TCP,310826987,20514577410,468137316,20485331596568
5600.900,TCP,312526346,20626735056,470696842,20597334825652
5630.921,TCP,314281303,20742562194,473340863,20713035273558
5660.944,TCP,315986765,20855122662,475911744,20825535098224
5690.966,TCP,317657723,20965405866,478427597,20935628347314
5720.988,TCP,319294569,21073437654,480892874,21043506418364
5751.011,TCP,320956765,21183142590,483394865,21152990708826
5781.033,TCP,322622363,21293072034,485904007,21262789062118
5811.057,TCP,324263083,21401359530,488373693,21370859706810
5841.081,TCP,325965027,21513687810,490941511,21483226749614
5871.103,TCP,327658464,21625454628,493489742,21594736794996
5901.124,TCP,329362641,21737930286,496054190,21706955897236
5931.146,TCP,331054305,21849580110,498599714,21818347603700
5961.167,TCP,332744493,21961132494,501144518,21929707608356
5991.189,TCP,334410595,22071095202,503653628,22039505107192
6021.210,TCP,336088479,22181835522,506181570,22150125473396
6051.232,TCP,337773097,22293020310,508715601,22261014349650
6081.253,TCP,339471036,22405084260,511271433,22372854477618
6111.275,TCP,341161623,22516662978,513816308,22484217370544
6141.296,TCP,342896631,22631173506,516428406,22598520713764
6171.318,TCP,344519252,22738266468,518871644,22705434278368
6201.339,TCP,346213319,22850074890,521419841,22816941569770
6231.360,TCP,347886370,22960496232,523942151,22927315739102
6261.381,TCP,349567056,23071421484,526474622,23038133995636
6291.402,TCP,351198395,23179089858,528933610,23145739218884
6321.424,TCP,352913390,23292279504,531523697,23259085461898
6351.444,TCP,354626854,23405368104,534103964,23371993146744
6381.465,TCP,356414084,23523325284,536796676,23489822665800
6411.487,TCP,358101514,23634695640,539335579,23600920464294
6441.508,TCP,359807126,23747266020,541906040,23713399485200
6471.529,TCP,361588218,23864818092,544593219,23830986090718
6501.549,TCP,363302173,23977939098,547178603,23944119687446
6531.571,TCP,365055297,24093645258,549817156,24059577947376
6561.592,TCP,366820586,24210154332,552473920,24175834195944
6591.615,TCP,368604487,24327891774,555163312,24293517546808
6621.637,TCP,370347699,24442943742,557791984,24408543993624
6651.658,TCP,372087735,24557786118,560411119,24523154180958
6681.680,TCP,373829338,24672731892,563032073,24637842673898
6711.702,TCP,375566789,24787403634,565648505,24752334652850
6741.724,TCP,377323560,24903350520,568291722,24868000248476
6771.746,TCP,379072935,25018809246,570926007,24983272956822
6801.769,TCP,380817096,25133923848,573553022,25098228841948
6831.790,TCP,382531395,25247067558,576134831,25211204392790
6861.811,TCP,384309777,25364440770,578813902,25328437681764
6891.831,TCP,386101266,25482679020,581516848,25446715421960
6921.853,TCP,387845445,25597794810,584141463,25561562949878
6951.875,TCP,389621510,25715015076,586818226,25678695292884
6981.896,TCP,391366621,25830192378,589448522,25793794460020
7011.918,TCP,393129636,25946551344,592100475,25909840479606
7041.940,TCP,394907143,26063866782,594780077,26027096610882
7071.962,TCP,396651876,26179019136,597406087,26142005702886
7101.985,TCP,398428987,26296308438,600082752,26259132075272
7132.003,TCP,400134156,26408849544,602646525,26371318496010
7162.024,TCP,401833161,26520983850,605206281,26483330587282
7192.045,TCP,403636996,26640036936,607922570,26602191232956
7222.067,TCP,405360087,26753760918,610516363,26715694156126
7252.089,TCP,407061001,26866021218,613073535,26827593355686
7282.110,TCP,408836911,26983231254,615746655,26944565222358
7312.131,TCP,410525382,27094670292,618288337,27055785888386
7342.153,TCP,412262378,27209312004,620905125,27170293880866
7372.174,TCP,414003044,27324195936,623522676,27284833250664
7402.197,TCP,415706398,27436617288,626084924,27396953968864
7432.218,TCP,417467608,27552857100,628736757,27512994147426
7462.240,TCP,419179109,27665816142,631311116,27625644802616
7492.261,TCP,420902065,27779531214,633906150,27739199647044
7522.283,TCP,422644126,27894507216,636528685,27853960791554
7552.304,TCP,424384110,28009346136,639151072,27968713668760
7582.326,TCP,426183201,28128086094,641860401,28087269833922
7612.348,TCP,427907816,28241910660,644456171,28200856772902
7642.370,TCP,429656805,28357343910,647090764,28316143133064
7672.392,TCP,431378691,28470988362,649684443,28429639232214
7702.413,TCP,433118988,28585847940,652303434,28544242857172
7732.434,TCP,434846516,28699864764,654906714,28658158430940
7762.455,TCP,436539481,28811600430,657453987,28769624308494
7792.478,TCP,438276641,28926252966,660070663,28884127575742
7822.499,TCP,440029333,29041930590,662712932,28999750707336
7852.520,TCP,441760846,29156210424,665321197,29113885500354
7882.543,TCP,443569930,29275609944,668047611,29233191344590
7912.565,TCP,445273934,29388074184,670612126,29345412351420
7942.587,TCP,447012745,29502835686,673229348,29459936561064
7972.610,TCP,448731075,29616245442,675812726,29572982010172
8002.632,TCP,450454681,29730003390,678408943,29686590016062
8032.653,TCP,452215693,29846230158,681059467,29802574140510
8062.676,TCP,453992030,29963468376,683735506,29919673274516
8092.697,TCP,455703343,30076415010,686309268,30032297347848
8122.719,TCP,457427490,30190208688,688905683,30145912969758
8152.741,TCP,459182935,30306068010,691547069,30261496131274
8182.762,TCP,460950808,30422747604,694210809,30378058237994
8212.784,TCP,462640456,30534264372,696751975,30489257439366
8242.806,TCP,464387580,30649574532,699381832,30604337047800
8272.828,TCP,466147608,30765736356,702032925,30720347031738
8302.849,TCP,467835364,30877128264,704574387,30831558638574
8332.870,TCP,469597220,30993410736,707228213,30947686963922
8362.890,TCP,471364556,31110054888,709892388,31064268759400
8392.912,TCP,473074424,31222906176,712462449,31176731108538
8422.934,TCP,474749811,31333481694,714985452,31287135011040
8452.953,TCP,476454904,31446017808,717548898,31399307516588
8482.975,TCP,478175381,31559569290,720138960,31512646352784
8512.997,TCP,479941085,31676105730,722800674,31629118541468
8543.018,TCP,481692680,31791710976,725438591,31744549628270
8573.039,TCP,483460073,31908358914,728097375,31860895401262
8603.061,TCP,485200800,32023246872,730715809,31975473167522
8633.083,TCP,486904309,32135678466,733278068,32087594935048
8663.103,TCP,488633390,32249797788,735878098,32201368671396
8693.126,TCP,490363594,32363991228,738483396,32315372327664
8723.147,TCP,492106443,32479019262,741110882,32430357341884
8753.168,TCP,493862750,32594935500,743760682,32546310354484
8783.191,TCP,495566126,32707358316,746324895,32658516858326
8813.212,TCP,497244142,32818107348,748852305,32769115301146
8843.233,TCP,498949227,32930642934,751419868,32881469219168
8873.255,TCP,500621270,33040997748,753939415,32991723537406
8903.277,TCP,502356026,33155491608,756554138,33106141085716
8933.299,TCP,504058081,33267827214,759120711,33218453520398
8963.321,TCP,505711638,33376961952,761610142,33327390477548
8993.342,TCP,507375770,33486794616,764112679,33436899904662
9023.363,TCP,509081156,33599350068,766681140,33549295301456
9053.385,TCP,510768179,33710693538,769220556,33660417185872
9083.406,TCP,512456017,33822090822,771763590,33771698430508
9113.425,TCP,514174916,33935538132,774354202,33885061813444
9143.446,TCP,515828297,34044661230,776845586,33994082130940
9173.468,TCP,517553853,34158547902,779443867,34107781368118
9203.489,TCP,519224310,34268798040,781959396,34217858146664
9233.510,TCP,520929100,34381314132,784526680,34330199725480
9263.532,TCP,522601354,34491682872,787043653,34440340234410
9293.553,TCP,524304221,34604072070,789606766,34552500920748
9323.575,TCP,525929928,34711368684,792054988,34659634033320
9353.597,TCP,527571906,34819739208,794525439,34767738872382
9383.617,TCP,529281885,34932597798,797095776,34880217557800
9413.638,TCP,530925400,35041069764,799568051,34988403519742
9443.660,TCP,532618456,35152811412,802116123,35099905953934
9473.682,TCP,534372003,35268545490,804754916,35215376681544
9503.703,TCP,536087312,35381755860,807336375,35328339756694
9533.724,TCP,537729730,35490155424,809805912,35436404362240
9563.746,TCP,539425684,35602088364,812361084,35548220198328
9593.768,TCP,541132407,35714732058,814929731,35660622029174
9623.790,TCP,542816009,35825849766,817463983,35771519309350
9653.811,TCP,544500762,35937043440,819998533,35882428994370
9683.832,TCP,546142492,36045397596,822466671,35990433214462
9713.854,TCP,547850457,36158123262,825036855,36102903501174
9743.875,TCP,549561856,36271075572,827616754,36215797463580
9773.896,TCP,551265820,36383537172,830182849,36328086077522
9803.917,TCP,552976938,36496470960,832756799,36440719010270
9833.939,TCP,554578787,36602192970,835165606,36546127627860
9863.961,TCP,556222475,36710676354,837638437,36654336106474
9893.982,TCP,557881558,36820175832,840134449,36763559103882
9924.004,TCP,559610003,36934253178,842742516,36877687789360
9954.025,TCP,561283815,37044724770,845259994,36987849827452
9984.047,TCP,562893463,37150961514,847679587,37093727935550
10014.069,TCP,564588971,37262865042,850232903,37205458583438
10044.090,TCP,566301381,37375884078,852814080,37318407222056
10074.111,TCP,567966816,37485802788,855318678,37428004145108
10104.134,TCP,569671210,37598292768,857884317,37540274575106
10134.155,TCP,571343290,37708650024,860405839,37650613368902
10164.177,TCP,572996491,37817761266,862892802,37759440127844
10194.199,TCP,574637289,37926053910,865363918,37867574175444
10224.221,TCP,576364754,38040066576,867967258,37981494471764
10254.242,TCP,578050309,38151313182,870507408,38092649762096
10284.263,TCP,579745869,38263220094,873062778,38204471837524
10314.286,TCP,581400324,38372414100,875547824,38313215699104
10344.305,TCP,583110525,38485287342,878119007,38425727339430
10374.326,TCP,584709390,38590812408,880524707,38530999830294
10404.347,TCP,586416153,38703458742,883096948,38643559118832
10434.369,TCP,588109855,38815243050,885647250,38755158430612
10464.390,TCP,589841005,38929498950,888254378,38869243734468
10494.411,TCP,591510326,39039674112,890769904,38979322282664
10524.432,TCP,593197944,39151056876,893311502,39090541893844
10554.453,TCP,594842464,39259595196,895786112,39198829198256
10584.473,TCP,596567150,39373424448,898382144,39312429983000
10614.495,TCP,598289766,39487117104,900979058,39426070212740
10644.515,TCP,599935265,39595720026,903456415,39534477891454
10674.536,TCP,601638796,39708153048,906019901,39646653282474
10704.558,TCP,603352435,39821253222,908601034,39759601131780
10734.578,TCP,605008352,39930543720,911093950,39868689641940
10764.600,TCP,606740789,40044884562,913700685,39982758273714
10794.622,TCP,608377851,40152930630,916166199,40090646912102
10824.644,TCP,610056291,40263707646,918691342,40201145655740
10854.665,TCP,611732171,40374315726,921212973,40311488650306
10884.686,TCP,613426492,40486140888,923762714,40423062431932
10914.707,TCP,615084535,40595571726,926258508,40532275388320
10944.728,TCP,616739523,40704800910,928750158,40641308698772
10974.749,TCP,618421353,40815801666,931283357,40752160623698
11004.770,TCP,620063914,40924210692,933751409,40860162478090
11034.791,TCP,621742924,41035025328,936277991,40970725280590
11064.811,TCP,623413971,41145314406,938789165,41080611847626
11094.833,TCP,625109075,41257191270,941340466,41192254938252
11124.853,TCP,626796465,41368558986,943883339,41303529290606
11154.873,TCP,628434605,41476676202,946348874,41411419175188
11184.894,TCP,630054415,41583583662,948783787,41517968400406
11214.916,TCP,631726891,41693967054,951298103,41627995029390
11244.937,TCP,633392247,41803880526,953803572,41737632904368
11274.957,TCP,635150070,41919896844,956448109,41853354620770
11304.979,TCP,636846277,42031846482,959000533,41965046478362
11335,TCP,638442212,42137178168,961398319,42069970581814
11365.018,TCP,640154713,42250203210,963975517,42182746860282
11395.039,TCP,641855636,42362464104,966534208,42294714578928
11425.060,TCP,643569126,42475554420,969111951,42407514552238
11455.082,TCP,645277703,42588320478,971682566,42520002299972
11485.104,TCP,646970909,42700072050,974231514,42631542080860
11515.125,TCP,648657970,42811418052,976769206,42742588747260
11545.146,TCP,650377451,42924903774,979358905,42855911699762
11575.168,TCP,652020326,43033333500,981831111,42964092021806
11605.188,TCP,653607601,43138093626,984218846,43068576894980
11635.209,TCP,655288268,43249017624,986745978,43179164767780
11665.231,TCP,656973753,43360259610,989282868,43290176909312
11695.251,TCP,658646105,43470634818,991799250,43400292606628
11725.272,TCP,660265395,43577507934,994235459,43506898671534
11755.293,TCP,661928886,43687298340,996735952,43616317590024
11785.313,TCP,663591922,43797058692,999238128,43725809233456
11815.335,TCP,665238998,43905765684,1001714722,43834184748420
11845.355,TCP,666941547,44018133894,1004278863,43946387643382
11875.376,TCP,668610307,44128272030,1006788468,44056204966008
11905.397,TCP,670324656,44241419040,1009369919,44169169679406
11935.417,TCP,672044093,44354901858,1011957678,44282407569964
11965.439,TCP,673721057,44465581458,1014478678,44392726078308
11995.461,TCP,675429322,44578326948,1017051510,44505312276388
12025.483,TCP,677165086,44692887348,1019666560,44619744722600
12055.506,TCP,678823916,44802370104,1022161733,44728931751634
12085.526,TCP,680461365,44910441738,1024624929,44836718524434
12115.547,TCP,682162102,45022690356,1027181708,44948600723856
12145.568,TCP,683796718,45130574988,1029641378,45056234565788
12175.590,TCP,685443898,45239288868,1032117046,45164566634828
12205.612,TCP,687148211,45351773502,1034680529,45276743074978
12235.633,TCP,688848070,45463964172,1037237532,45388636626536
12265.654,TCP,690508499,45573552486,1039735265,45497933793210
12295.675,TCP,692147047,45681696630,1042202429,45605896005978
12325.697,TCP,693863154,45794959668,1044787176,45719002690904
12355.719,TCP,695532639,45905145666,1047302310,45829063648828
12385.741,TCP,697187619,46014374346,1049792990,45938053314220
12415.763,TCP,698884013,46126336326,1052349515,46049926584734
12445.785,TCP,700569463,46237576002,1054888004,46161009217464
12475.807,TCP,702268919,46349740074,1057445805,46272937424698
12505.828,TCP,703976225,46462422246,1060020319,46385596085510
12535.851,TCP,705658601,46573459038,1062554316,46496482075912
12565.873,TCP,707350129,46685099862,1065104435,46608073445382
12595.895,TCP,709031513,46796071182,1067632703,46718707662326
12625.918,TCP,710762437,46910312142,1070241799,46832879799798
12655.940,TCP,712454734,47022003744,1072791124,46944436776024
12685.962,TCP,714216493,47138279814,1075448998,47060743823444
12715.983,TCP,715944599,47252334786,1078051454,47174626705900
12746.005,TCP,717619155,47362855458,1080572412,47284941147488
12776.026,TCP,719380617,47479111926,1083223541,47400953427186
12806.049,TCP,721073400,47590835580,1085772834,47512508501108
12836.070,TCP,722695870,47697918600,1088213562,47619313766428
12866.091,TCP,724443459,47813259450,1090842408,47734348808816
12896.113,TCP,726151143,47925966570,1093410360,47846720513144
12926.135,TCP,727843615,48037669698,1095956197,47958123447274
12956.157,TCP,729550922,48150351936,1098531106,48070800156180
12986.179,TCP,731260644,48263193588,1101106466,48183494720668
13016.200,TCP,732934105,48373641990,1103626069,48293750091178
13046.222,TCP,734600961,48483654462,1106132981,48403448092370
13076.243,TCP,736219876,48590502828,1108568400,48510018323232
13106.266,TCP,737836682,48697212000,1111002832,48616547593736
13136.288,TCP,739567062,48811417056,1113608722,48730578158836
13166.310,TCP,741225588,48920879748,1116108887,48839982506662
13196.330,TCP,742962363,49035506898,1118727523,48954572541886
13226.351,TCP,744632202,49145716248,1121242071,49064606067086
13256.371,TCP,746322400,49257269292,1123785195,49175891314982
13286.393,TCP,747999106,49367931864,1126309834,49286366760452
13316.414,TCP,749660243,49477566918,1128809935,49395768219742
13346.434,TCP,751383965,49591332546,1131407541,49509438446210
13376.455,TCP,753075630,49702982412,1133951206,49620746536340
13406.476,TCP,754783887,49815727350,1136527087,49733465252438
13436.498,TCP,756509461,49929615234,1139131115,49847413840582
13466.519,TCP,758212704,50042029248,1141694722,49959596776604
13496.540,TCP,759922121,50154850746,1144271956,50072374434080
13526.560,TCP,761622779,50267094150,1146834440,50184504670200
13556.581,TCP,763307708,50378299464,1149370416,50295477954120
13586.603,TCP,765039486,50492596788,1151980662,50409700958268
13616.625,TCP,766731660,50604280248,1154530836,50521294494432
13646.646,TCP,768389377,50713689570,1157028851,50630605311958
13676.667,TCP,770056926,50823747780,1159542767,50740611597630
13706.689,TCP,771766143,50936556078,1162119598,50853371861092
13736.711,TCP,773469941,51049006746,1164684657,50965616562722
13766.732,TCP,775149238,51159840324,1167220920,51076600613464
13796.753,TCP,776852922,51272283444,1169787479,51188909572686
13826.774,TCP,778564526,51385249308,1172366135,51301749780222
13856.796,TCP,780230725,51495218418,1174874842,51411529360756
13886.816,TCP,781905510,51605754204,1177399047,51521987213182
13916.838,TCP,783545495,51713993190,1179871174,51630165366948
13946.858,TCP,785276470,51828237516,1182484650,51744528504012
13976.880,TCP,786974602,51940314180,1185042614,51856463734708
14006.901,TCP,788615572,52048618188,1187515508,51964674772256
14036.922,TCP,790368865,52164335502,1190168177,52080753869242
14066.943,TCP,792096416,52278353820,1192770465,52194627631458
14096.965,TCP,793774144,52389083844,1195298232,52305242022712
14126.986,TCP,795432732,52498550628,1197799261,52414686534842
14157.008,TCP,797083014,52607469192,1200288285,52523603608074
14187.030,TCP,798768904,52718737932,1202829742,52634817378396
14217.050,TCP,800432931,52828563702,1205334340,52744418167672
14247.072,TCP,802072537,52936777674,1207803664,52852473584120
14277.092,TCP,803767473,53048643450,1210354606,52964101380788
14307.112,TCP,805418428,53157606456,1212839411,53072835854438
14337.134,TCP,807103068,53268792672,1215377847,53183915665998
14367.155,TCP,808748264,53377375608,1217854109,53292274185626
14397.176,TCP,810462284,53490500904,1220436316,53405268439368
14427.198,TCP,812208043,53605720974,1223066727,53520371415182
14457.219,TCP,813911350,53718139236,1225630382,53632555927260
14487.241,TCP,815607637,53830094154,1228186285,53744400779258
14517.262,TCP,817302594,53941961292,1230737647,53856045511910
14547.283,TCP,819025515,54055674054,1233336040,53969750392576
14577.304,TCP,820703423,54166415958,1235862236,54080294753608
14607.326,TCP,822391241,54277811934,1238403345,54191492902618
14637.348,TCP,824079183,54389216094,1240952820,54303065027160
14667.369,TCP,825866869,54507203346,1243646494,54420936814868
14697.390,TCP,827639815,54624217758,1246315674,54537735473124
14727.411,TCP,829442082,54743167356,1249031013,54656555948066
14757.431,TCP,831146646,54855668556,1251598886,54768921617116
14787.453,TCP,832876130,54969814476,1254202786,54882863643188
14817.474,TCP,834618742,55084826844,1256824649,54997591385898
14847.495,TCP,836395891,55202118678,1259501808,55114739221560
14877.516,TCP,838110839,55315305222,1262088425,55227927425618
14907.538,TCP,839790635,55426171734,1264616843,55338568991742
14937.560,TCP,841490908,55538389752,1267176288,55450568348528
14967.580,TCP,843195315,55650880590,1269741458,55562817579820
14997.602,TCP,844864644,55761056280,1272254050,55672766564804
15027.623,TCP,846547426,55872119892,1274790201,55783747724594
15057.645,TCP,848289559,55987100646,1277414751,55898595313382
15087.667,TCP,849924859,56095030422,1279876052,56006299713784
15117.689,TCP,851599204,56205537192,1282394002,56116483147764
15147.712,TCP,853197945,56311054074,1284801448,56221830399744
15177.732,TCP,854871944,56421537984,1287320982,56332082554060
15207.755,TCP,856564170,56533224900,1289872218,56443722428756
15237.777,TCP,858219908,56642503584,1292365426,56552823410780
15267.799,TCP,859960262,56757366924,1295002586,56668231246372
15297.821,TCP,861604709,56865900402,1297481315,56776698063950
15327.842,TCP,863265349,56975502642,1299989311,56886446533518
15357.863,TCP,864923371,57084932070,1302495072,56996096159088
15387.886,TCP,866583151,57194477526,1304996602,57105559906708
15417.907,TCP,868248348,57304380504,1307511454,57215607673660
15447.929,TCP,869925944,57415101816,1310043742,57326420085036
15477.952,TCP,871582394,57524427492,1312541360,57435711870144
15507.974,TCP,873288178,57637009212,1315111627,57548185439134
15537.996,TCP,874914507,57744346902,1317558711,57655268603350
15568.018,TCP,876574492,57853905864,1320057616,57764620111136
15598.038,TCP,878209201,57961796634,1322519694,57872358904436
15628.059,TCP,879844749,58069742778,1324981476,57980083521672
15658.080,TCP,881519948,58180305888,1327503903,58090465103918
15688.101,TCP,883187444,58290360600,1330014755,58200338412182
15718.121,TCP,884883870,58402324692,1332570104,58312158126952
15748.141,TCP,886534930,58511294628,1335055847,58420932377326
15778.162,TCP,888217834,58622366268,1337587998,58531737766932
15808.183,TCP,889923871,58734964686,1340156466,58644133295260
15838.204,TCP,891623699,58847153310,1342719168,58756275474072
15868.226,TCP,893378428,58962965400,1345364994,58872052849300
15898.248,TCP,895073268,59074824840,1347923672,58984016701616
15928.269,TCP,896742363,59184985086,1350440954,59094172500452
15958.291,TCP,898385339,59293421478,1352915386,59202453697868
15988.313,TCP,900038561,59402534106,1355404610,59311380156348
16018.334,TCP,901713365,59513071146,1357927473,59421778151370
16048.355,TCP,903418955,59625640086,1360494070,59534091505164
16078.377,TCP,905100460,59736619392,1363027951,59644970541094
16108.399,TCP,906767854,59846667372,1365537740,59754797641104
16138.420,TCP,908428069,59956241538,1368039654,59864281599156
16168.442,TCP,910054349,60063576018,1370485415,59971304710262
16198.464,TCP,911758579,60176055174,1373056468,60083811624168
16228.486,TCP,913443911,60287287062,1375593111,60194810838430
16258.507,TCP,915143056,60399430608,1378152455,60306806584422
16288.528,TCP,916804716,60509100168,1380655240,60416326383392
16318.550,TCP,918537788,60623482896,1383265042,60530531270300
16348.571,TCP,920234449,60735462498,1385823944,60642510209904
16378.592,TCP,921908219,60845931318,1388342912,60752738013408
16408.613,TCP,923603228,60957801864,1390895147,60864420748622
16438.633,TCP,925284612,61068773184,1393424935,60975122042926
16468.654,TCP,926926968,61177168656,1395900103,61083433042262
16498.675,TCP,928620134,61288917564,1398449050,61194972888972
16528.696,TCP,930322721,61401288282,1401013453,61307190218394
16558.717,TCP,932008670,61512560904,1403551317,61418244826378
16588.738,TCP,933683749,61623116094,1406074843,61528673798150
16618.759,TCP,935402421,61736548398,1408663748,61641963733992
16648.781,TCP,937057269,61845768342,1411153944,61750933116416
16678.801,TCP,938741156,61956904860,1413686823,61861769815870
16708.822,TCP,940443886,62069285016,1416250205,61973944151450
16738.842,TCP,942088349,62177819550,1418725363,62082255674414
16768.864,TCP,944163443,62314775790,1421246529,62192582845994
16798.884,TCP,946743730,62485074708,1423847516,62306404945160
16828.905,TCP,949319742,62655091476,1426443770,62420022193716
16858.926,TCP,951901418,62825482068,1429045545,62533877703090
16888.946,TCP,954489997,62996328258,1431655920,62648110808296
16918.967,TCP,957068008,63166476984,1434254721,62761840356698
16948.989,TCP,959651956,63337017528,1436860473,62875875697194
16979.010,TCP,962226674,63506948892,1439454620,62989397780240
17009.031,TCP,964842485,63679592394,1442089281,63104690828810
17039.052,TCP,967425405,63850065114,1444692978,63218634610604
17069.073,TCP,969978551,64018572726,1447265922,63331228287156
17099.094,TCP,972559478,64188913908,1449867477,63445076245018
17129.115,TCP,975133745,64358815506,1452462098,63558621690164
17159.136,TCP,977719957,64529505474,1455068568,63672685126704
17189.158,TCP,980285119,64698806166,1457655449,63785893468138
17219.181,TCP,982872477,64869571770,1460262620,63899988604456
17249.202,TCP,985446106,65039431284,1462857081,64013527289234
17279.223,TCP,988020771,65209359150,1465452881,64127123733290
17309.243,TCP,990598338,65379478548,1468052166,64240872384964
17339.264,TCP,993177746,65549719476,1470653013,64354691001882
17369.284,TCP,995754709,65719799010,1473250974,64468383664340
17399.304,TCP,998366791,65892196398,1475881927,64583513479774
17429.325,TCP,1000997872,66065847720,1478533168,64699528061000
17459.345,TCP,1003621618,66239014956,1481177881,64815258964058
17489.366,TCP,1006226783,66410955822,1483804673,64930204479778
17519.388,TCP,1008835175,66583109670,1486436323,65045364227134
17549.408,TCP,1011412643,66753222534,1489035300,65159091624816
17579.429,TCP,1014045005,66926958426,1491689811,65275248569094
17609.451,TCP,1016686380,67101289152,1494351563,65391722071006
17639.472,TCP,1019276243,67272220086,1496960397,65505883640266
17669.493,TCP,1021883956,67444329120,1499589945,65620950579482
17699.513,TCP,1024515377,67618002882,1502243482,65737068858372
17729.534,TCP,1027171877,67793331882,1504920626,65854214923948
17759.555,TCP,1029822831,67968294822,1507592912,65971149314896
17789.576,TCP,1032471761,68143124178,1510262191,66087951845934
17819.597,TCP,1035119388,68317867536,1512929469,66204665901626
17849.618,TCP,1037768791,68492728110,1515599030,66321482213836
17879.639,TCP,1040391663,68665837638,1518242106,66437140788156
17909.661,TCP,1043007760,68838500040,1520878850,66552523496404
17939.683,TCP,1045632276,69011718072,1523523215,66668236616590
17969.704,TCP,1048240884,69183886176,1526152491,66783290299582
17999.725,TCP,1050869434,69357370476,1528801487,66899206297590
18029.746,TCP,1053450778,69527739156,1531404096,67013091156224
18059.767,TCP,1056066267,69700361406,1534042354,67128538320724
18089.787,TCP,1058724606,69875811780,1536722909,67245832787946
18119.807,TCP,1061363149,70049955594,1539384274,67362290666748
18149.828,TCP,1064000539,70224023310,1542043587,67478656987022
18179.849,TCP,1066639093,70398167874,1544702370,67595001711372
18209.870,TCP,1069285612,70572838104,1547368973,67711688657274
18239.891,TCP,1071915821,70746431874,1550019469,67827670813794
18269.912,TCP,1074544618,70919932476,1552669830,67943647390492
18299.933,TCP,1077183867,71094122886,1555329665,68060038321594
18329.955,TCP,1079829822,71268755892,1557996111,68176716998846
18359.976,TCP,1082473656,71443248912,1560660707,68293315927382
18389.997,TCP,1085118839,71617830990,1563325860,68409938028040
18420.018,TCP,1087769278,71792759940,1565995873,68526772457266
18450.039,TCP,1090415126,71967385884,1568661277,68643404731418
18480.061,TCP,1093052163,72141430302,1571319454,68759722152772
18510.081,TCP,1095700195,72316200414,1573987784,68876482088712
18540.102,TCP,1098304628,72488092968,1576613062,68991358299244
18570.124,TCP,1100929971,72661365582,1579259328,69107156544712
18600.145,TCP,1103570097,72835613898,1581921299,69223639629358
18630.165,TCP,1106202154,73009329636,1584575941,69339806345994
18660.186,TCP,1108847562,73183926564,1587244470,69456577436188
18690.206,TCP,1111480667,73357711470,1589899529,69572761089386
18720.227,TCP,1114124872,73532228976,1592564785,69689387783586
18750.247,TCP,1116777713,73707316482,1595237271,69806330510454
18780.267,TCP,1119418210,73881589260,1597898726,69922791147708
18810.288,TCP,1122053788,74055537384,1600555482,70039048247316
18840.309,TCP,1124703460,74230415736,1603225794,70155897966564
18870.330,TCP,1127353161,74405295978,1605897926,70272824614100
18900.350,TCP,1130011670,74580757548,1608576937,70390051150010
18930.371,TCP,1132662343,74755701942,1611246873,70506881838978
18960.392,TCP,1135289759,74929111374,1613895675,70622790549286
18990.413,TCP,1137923177,75102916938,1616550355,70738956154694
19020.434,TCP,1140578541,75278170962,1619225523,70856017024126
19050.456,TCP,1143182891,75450058038,1621851549,70970927230922
19080.477,TCP,1145827392,75624595080,1624517377,71087579653738
19110.498,TCP,1148468030,75798877164,1627179047,71204050134830
19140.519,TCP,1151122499,75974072094,1629853931,71321097747222
19170.540,TCP,1153774459,76149101430,1632526925,71438062921658
19200.562,TCP,1156420194,76323719892,1635193456,71554746912536
19230.582,TCP,1159066256,76498359960,1637861095,71671478621614
19260.603,TCP,1161719104,76673447880,1640533166,71788402577748
19290.624,TCP,1164380427,76849095174,1643215209,71905762613994
19320.645,TCP,1167036095,77024369214,1645890584,72022831098464
19350.666,TCP,1169687041,77199331626,1648560912,72139678197304
19380.688,TCP,1172337625,77374270122,1651230674,72256501272588
19410.708,TCP,1174990496,77549359584,1653903446,72373455881452
19440.729,TCP,1177640323,77724248118,1656572128,72490233927760
19470.750,TCP,1180284975,77898795150,1659237660,72606874205776
19500.771,TCP,1182937790,78073880916,1661911637,72723880470626
19530.792,TCP,1185576700,78248048976,1664571710,72840280722820
19560.814,TCP,1188141795,78417345222,1667157019,72953410776406
19590.834,TCP,1190767707,78590655390,1669802995,73069195829622
19620.856,TCP,1193396914,78764183052,1672453394,73185174374908
19650.878,TCP,1196019818,78937294692,1675096440,73300831833512
19680.900,TCP,1198660538,79111582212,1677756977,73417252499154
19710.921,TCP,1201264614,79283451204,1680382133,73532132961098
19740.942,TCP,1203853881,79454342802,1682993976,73646433140984
19770.963,TCP,1206438996,79624960392,1685602196,73760572976952
19800.984,TCP,1209013942,79794906804,1688197957,73874166535602
19831.001,TCP,1211598740,79965503448,1690803210,73988177266036
19861.022,TCP,1214177472,80135699736,1693402699,74101933009814
19891.042,TCP,1216760703,80306192958,1696007522,74215922281972
19921.063,TCP,1219356115,80477490126,1698624057,74330425016378
19951.083,TCP,1221930713,80647413570,1701219619,74444015218430
19981.105,TCP,1224507921,80817509274,1703818774,74557760322580
20011.126,TCP,1227100780,80988637944,1706431818,74672106063716
20041.148,TCP,1229644176,81156502056,1708995267,74784283747182
20071.168,TCP,1232227997,81327034218,1711599774,74898260350412
20101.189,TCP,1234812114,81497585916,1714204759,75012261101686
20131.211,TCP,1237380641,81667108674,1716793342,75125538303068
20161.232,TCP,1239944540,81836325984,1719377568,75238626996744
20191.252,TCP,1242520363,82006330278,1721974500,75352272667512
20221.274,TCP,1245103916,82176844752,1724579139,75466254980710
20251.296,TCP,1247685071,82347200934,1727181827,75580153082806
20281.317,TCP,1250258904,82517073888,1729777077,75693724980098
20311.338,TCP,1252856037,82688484642,1732396940,75808371260256
20341.360,TCP,1255425600,82858075776,1734988138,75921765222396
20371.382,TCP,1258006397,83028408354,1737590683,76035654140038
20401.403,TCP,1260586923,83198723046,1740192239,76149500394006
20431.425,TCP,1263166761,83368992330,1742794735,76263393502718
20461.446,TCP,1265738943,83538756318,1745388948,76376919653352
20491.468,TCP,1268328625,83709675306,1748000100,76491186167288
20521.492,TCP,1270908685,83879959242,1750600281,76604974200450
20551.514,TCP,1273442508,84047191536,1753154226,76716739099620
20581.535,TCP,1276026109,84217709202,1755758046,76830688067252
20611.557,TCP,1278598394,84387479988,1758350526,76944141685100
20641.578,TCP,1281192201,84558671226,1760966561,77058621514066
20671.600,TCP,1283780043,84729468774,1763574834,77172761812636
20701.621,TCP,1286364701,84900056178,1766179509,77286742818242
20731.642,TCP,1288938777,85069945194,1768774146,77400290885156
20761.663,TCP,1291521883,85240430166,1771378151,77514247335326
20791.683,TCP,1294099783,85410571542,1773976730,77627968612268
20821.704,TCP,1296689250,85581476340,1776587644,77742228033360
20851.726,TCP,1299274400,85752096240,1779194514,77856309059972
20881.747,TCP,1301857592,85922586888,1781798786,77970279356988
20911.768,TCP,1304450980,86093750472,1784413110,78084685671956
20941.790,TCP,1307033080,86264169048,1787015448,78198568087496
20971.810,TCP,1309624224,86435184552,1789628398,78312918279652
21001.833,TCP,1312213312,86606064336,1792240609,78427231722098
21031.854,TCP,1314754498,86773782588,1794803741,78539397979874
21061.876,TCP,1317319464,86943070344,1797391359,78652634026142
21091.898,TCP,1319895252,87113072328,1799989797,78766344348890
21121.919,TCP,1322459759,87282329790,1802576475,78879540290246
21151.937,TCP,1325059963,87453943230,1805198694,78994290273532
21181.958,TCP,1327645874,87624613332,1807806456,79108406027912
21211.979,TCP,1330248057,87796357410,1810429670,79223199198828
21242.001,TCP,1332832133,87966906402,1813033594,79337147517940
21272.022,TCP,1335402874,88136575308,1815625877,79450586312426
21302.043,TCP,1337984620,88306970520,1818228497,79564479036106
21332.066,TCP,1340591759,88479041670,1820857509,79679528114906
21362.087,TCP,1343169550,88649175864,1823456728,79793273092960
21392.108,TCP,1345752219,88819631970,1826061286,79907252451292
21422.129,TCP,1348323502,88989336624,1828655200,80020763311928
21452.150,TCP,1350889985,89158724454,1831245193,80134105158930
21482.172,TCP,1353474301,89329289286,1833852433,80248204428946
21512.195,TCP,1356081207,89501345058,1836480959,80363228441670
21542.216,TCP,1358612925,89668438398,1839035337,80475010604986
21572.238,TCP,1361192775,89838708474,1841640861,80589029677506
21602.260,TCP,1363790896,90010184412,1844261709,80703719735538
21632.282,TCP,1366371793,90180523614,1846862832,80817548463216
21662.304,TCP,1368945457,90350385414,1849459273,80931172998234
21692.326,TCP,1371544496,90521921964,1852080060,81045860299752
21722.348,TCP,1374119810,90691892688,1854677809,81159542266250
21752.370,TCP,1376714244,90863125308,1857294412,81274046512096
21782.391,TCP,1379303717,91034030502,1859904889,81388286963314
21812.413,TCP,1381905006,91205715576,1862527421,81503051188218
21842.435,TCP,1384489165,91376270046,1865132741,81617062185970
21872.457,TCP,1387068106,91546480128,1867734370,81730909756228
21902.479,TCP,1389630712,91715612124,1870318477,81843994772058
21932.500,TCP,1392199572,91885156860,1872908962,81957357950380
21962.521,TCP,1394790327,92056146666,1875521727,82071698233238
21992.544,TCP,1397381120,92227139004,1878133123,82185973021590
22022.566,TCP,1399921932,92394832572,1880695305,82298095701514
22052.587,TCP,1402497943,92564849298,1883293928,82411820061200
22082.608,TCP,1405077987,92735132178,1885895415,82525664606678
22112.630,TCP,1407657468,92905377900,1888497154,82639518408988
22142.652,TCP,1410258466,93077043780,1891121230,82754348665012
22172.672,TCP,1412845731,93247803246,1893731170,82868562342852
22202.694,TCP,1415416907,93417500862,1896322147,82981943773430
22232.715,TCP,1418000812,93588038568,1898928457,83095995796146
22262.736,TCP,1420575215,93757949142,1901525044,83209625388200
22292.757,TCP,1423165608,93928915056,1904136980,83323926622048
22322.779,TCP,1425753683,94099727982,1906747452,83438162880136
22352.801,TCP,1428332449,94269926514,1909346659,83551908512006
22382.822,TCP,1430922055,94440840486,1911956341,83666112407578
22412.843,TCP,1433499410,94610945892,1914554243,83779801265806
22442.865,TCP,1436078894,94781191812,1917154192,83893579059288
22472.886,TCP,1438649292,94950838056,1919745147,84006963895510
22502.907,TCP,1441171807,95117324022,1922289423,84118306498654
22532.928,TCP,1443748144,95287362240,1924886008,84231938318048
22562.949,TCP,1446342813,95458610370,1927501169,84346382175602
22592.970,TCP,1448915992,95628440136,1930094198,84459857195148
22622.992,TCP,1451476809,95797454034,1932675520,84572820130184
22653.013,TCP,1454056446,95967710052,1935277392,84686679970584
22683.034,TCP,1456649693,96138864306,1937890796,84801044478752
22713.055,TCP,1459237016,96309627600,1940499005,84915182741106
22743.074,TCP,1461818505,96480005826,1943102066,85029097317732
22773.095,TCP,1464390502,96649757604,1945694730,85142558353668
22803.116,TCP,1466957281,96819164970,1948281282,85255747208772
22833.139,TCP,1469538758,96989542428,1950883721,85369634088178
22863.160,TCP,1472157888,97162404960,1953522376,85485098581112
22893.181,TCP,1474765720,97334521872,1956150953,85600126069506
22923.201,TCP,1477366022,97506141780,1958770833,85714774185794
22953.223,TCP,1479961765,97677460794,1961386221,85829224480858
22983.244,TCP,1482519359,97846261974,1963962533,85941965180338
23013.264,TCP,1485126382,98018325468,1966589198,86056906953252
23043.287,TCP,1487698064,98188056456,1969184147,86170465264350
23073.308,TCP,1490291158,98359200660,1971798516,86284873221088
23103.332,TCP,1492892368,98530880496,1974421251,86399644078126
23133.353,TCP,1495490417,98702351706,1977040146,86514250253028
23163.373,TCP,1498099433,98874546738,1979670780,86629368185768
23193.394,TCP,1500677989,99044731410,1982270393,86743131408834
23223.415,TCP,1503269443,99215767350,1984883111,86857469263382
23253.436,TCP,1505850843,99386139726,1987485421,86971348663170
23283.457,TCP,1508424290,99555987204,1990079417,87084866541194
23313.479,TCP,1511008132,99726520776,1992684297,87198860340250
23343.500,TCP,1513575682,99895979052,1995273894,87312186300676
23373.522,TCP,1516188137,100068401058,1997906644,87427395009736
23403.543,TCP,1518799935,100240779702,2000538145,87542546751114
23433.565,TCP,1521417441,100413535074,2003176251,87657989515046
23463.587,TCP,1524027838,100585821252,2005807041,87773110341666
23493.608,TCP,1526608880,100756170000,2008409287,87886981414534
23523.630,TCP,1529206171,100927591158,2011027464,88001555755936
23553.651,TCP,1531776995,101097265518,2013617723,88114907713062
23583.672,TCP,1534365333,101268095778,2016225887,88229043941182
23613.693,TCP,1536946542,101438455548,2018827606,88342897742172
23643.714,TCP,1539521128,101608378200,2021422348,88456449879224
23673.737,TCP,1542100298,101778603372,2024022162,88570218947860
23703.758,TCP,1544674394,101948493684,2026618742,88683846311228
23733.778,TCP,1547260051,102119146998,2029229278,88798084211540
23763.799,TCP,1549845047,102289756710,2031840026,88912336740020
23793.820,TCP,1552413528,102459276408,2034429863,89025671432174
23823.840,TCP,1554997277,102629803842,2037033455,89139611144558
23853.862,TCP,1557574067,102799871958,2039630444,89253258523024
23883.883,TCP,1560139641,102969199818,2042216325,89366422626418
23913.905,TCP,1562709092,103138783560,2044806099,89479754366446
23943.926,TCP,1565280834,103308518532,2047398883,89593217966606
23973.947,TCP,1567814884,103475765808,2049953274,89705004325108
24003.969,TCP,1570387466,103645556196,2052546601,89818495486202
24033.989,TCP,1572954082,103814952828,2055133917,89931723189818
24064.010,TCP,1575533732,103985209728,2057733748,90045497763896
24094.030,TCP,1578111174,104155320876,2060334947,90159328135342
24124.052,TCP,1580690472,104325554520,2062934595,90273092998742
24154.072,TCP,1583269850,104495793444,2065537298,90386987562156
24184.094,TCP,1585844863,104665744278,2068133077,90500583088074
24214.115,TCP,1588425087,104836039014,2070734965,90614445419874
24244.135,TCP,1591017540,105007140888,2073351844,90728961807720
24274.157,TCP,1593611179,105178321038,2075969078,90843494471924
24304.178,TCP,1596178722,105347778852,2078557060,90956746926192
24334.199,TCP,1598764479,105518438790,2081163430,91070808193820
24364.219,TCP,1601342123,105688563270,2083761701,91184511034442
24394.239,TCP,1603940032,105860025240,2086380721,91299122787778
24424.260,TCP,1606525925,106030694130,2088986088,91413137851840
24454.282,TCP,1609053502,106197514188,2091533162,91524598079412
24484.304,TCP,1611631540,106367664672,2094131971,91638322255118
24514.322,TCP,1614213666,106538084964,2096733584,91752169234120
24544.342,TCP,1616780110,106707470220,2099321144,91865406128104
24574.362,TCP,1619360091,106877748942,2101921533,91979207936802
24604.383,TCP,1621941711,107048135838,2104523817,92093090873066
24634.404,TCP,1624533467,107219191710,2107136587,92207433451142
24664.425,TCP,1627118004,107389771104,2109741660,92321437354680
24694.446,TCP,1629708532,107560745928,2112352528,92435691266960
24724.465,TCP,1632295813,107731506450,2114959940,92549796709464
24754.486,TCP,1634888386,107902616244,2117571868,92664099319416
24784.506,TCP,1637460127,108072351126,2120164736,92777571313704
24814.528,TCP,1640049829,108243271458,2122775120,92891808351688
24844.549,TCP,1642630480,108413594400,2125376613,93005659516322
24874.570,TCP,1645217856,108584361216,2127984120,93119768307080
24904.591,TCP,1647790641,108754165002,2130577211,93233243658798
24934.613,TCP,1650333762,108922010964,2133139758,93345384581820
24964.633,TCP,1652910562,109092079764,2135736738,93459033139364
24994.654,TCP,1655517750,109264154148,2138363437,93573977798106
25024.675,TCP,1658081902,109433388180,2140947850,93687077645268
25054.696,TCP,1660681991,109604994030,2143567816,93801733172424
25084.717,TCP,1663267430,109775632980,2146172744,93915728677808
25114.738,TCP,1665842375,109945579326,2148768373,94029320785954
25144.758,TCP,1668447126,110117492892,2151393023,94144175065286
25174.778,TCP,1671039213,110288570610,2154005674,94258507477052
25204.799,TCP,1673636997,110460024330,2156624230,94373099276820
25234.821,TCP,1676230223,110631177222,2159237571,94487465418878
25264.841,TCP,1678830646,110802805116,2161857996,94602137557312
25294.862,TCP,1681405619,110972753334,2164452921,94715693443146
25324.882,TCP,1683974477,111142297938,2167042235,94829006867894
25354.902,TCP,1686555602,111312652164,2169643892,94942862302816
25384.923,TCP,1689143453,111483450330,2172252361,95057011068866
25414.944,TCP,1691735165,111654503298,2174864553,95171322281834
25444.965,TCP,1694295891,111823511190,2177446492,95284312389496
25474.987,TCP,1696884660,111994369944,2180054955,95398462793174
25505.008,TCP,1699473130,112165208940,2182663311,95512607357438
25535.029,TCP,1702069848,112336592328,2185280584,95627145332280
25565.050,TCP,1704662280,112507692816,2187893078,95741470589884
25595.070,TCP,1707251871,112678605798,2190503835,95855720432358
25625.092,TCP,1709860626,112850783628,2193131946,95970729539916
25655.112,TCP,1712430975,113020426638,2195722115,96084080180382
25685.133,TCP,1715029479,113191927902,2198340570,96198665222172
25715.153,TCP,1717617715,113362751454,2200949328,96312827376616
25745.174,TCP,1720197194,113532997044,2203548854,96426585023004
25775.195,TCP,1722783033,113703662418,2206154792,96540621555448
25805.216,TCP,1725369599,113874375750,2208762805,96654753186106
25835.236,TCP,1727964578,114045644364,2211377590,96769181616780
25865.257,TCP,1730560182,114216954204,2213995029,96883723470306
25895.278,TCP,1733115389,114385597842,2216570682,96996438698324
25925.299,TCP,1735711307,114556928430,2219186807,97110926003606
25955.320,TCP,1738314674,114728750628,2221810857,97225757699682
25985.341,TCP,1740905175,114899723670,2224420277,97339947357026
26015.362,TCP,1743486735,115070106630,2227022141,97453806607474
26045.383,TCP,1746081934,115241389740,2229638791,97568312952822
26075.403,TCP,1748688551,115413426438,2232266005,97683282418162
26105.424,TCP,1751279640,115584438312,2234876615,97797526155734
26135.445,TCP,1753874903,115755725646,2237491555,97911960495606
26165.466,TCP,1756470478,115927033596,2240106315,98026386172870
26195.487,TCP,1759048870,116097207444,2242703681,98140048453266
26225.509,TCP,1761639893,116268214938,2245316162,98254374234300
26255.530,TCP,1764210452,116437871832,2247906182,98367713592012
26285.550,TCP,1766807563,116609281134,2250522793,98482219804466
26315.571,TCP,1769403189,116780592426,2253137728,98596653750792
26345.593,TCP,1771990791,116951374134,2255745380,98710770218432
26375.613,TCP,1774580610,117122302164,2258358150,98825109715940
26405.634,TCP,1777130046,117290564916,2260927490,98937548489668
26435.656,TCP,1779717798,117461356548,2263536894,99051740242380
26465.676,TCP,1782317846,117632959692,2266157809,99166433189194
26495.696,TCP,1784894703,117803032230,2268754707,99280078071286
26525.717,TCP,1787476684,117973442952,2271359593,99394070231186
26555.738,TCP,1790046253,118143034482,2273948695,99507373156182
26585.757,TCP,1792625866,118313288940,2276549378,99621183700972
26615.778,TCP,1795209042,118483778508,2279158335,99735361072126
26645.800,TCP,1797815422,118655799564,2281788070,99850441590764
26675.820,TCP,1800411555,118827144318,2284407240,99965057744536
26705.840,TCP,1803003530,118998214620,2287021206,100079450797580
26735.860,TCP,1805605497,119169944418,2289644249,100194236814138
26765.881,TCP,1808189147,119340465294,2292248464,100308200421968
26795.901,TCP,1810779976,119511459960,2294859408,100422461286808
26825.922,TCP,1813354586,119681384196,2297456796,100536129073680
26855.943,TCP,1815941884,119852145840,2300062487,100650155169198
26885.963,TCP,1818481531,120019762494,2302622186,100762172827620
26915.984,TCP,1821046268,120189035112,2305207790,100875325575380
26946.005,TCP,1823633973,120359823618,2307816623,100989496057470
26976.025,TCP,1826209399,120529801710,2310413110,101103122758588
27006.046,TCP,1828773126,120699007668,2312997286,101216209548796
27036.067,TCP,1831353530,120869314320,2315599825,101330098465290
27066.088,TCP,1833935136,121039700292,2318202140,101443979307200
27096.108,TCP,1836523315,121210520082,2320810612,101558129515216
27126.129,TCP,1839111749,121381356702,2323419335,101672292387118
27156.149,TCP,1841698923,121552110138,2326026630,101786394479164
27186.170,TCP,1844277503,121722296418,2328625696,101900135843040
27216.192,TCP,1846860909,121892801190,2331230381,102014120846626
27246.213,TCP,1849446628,122063458644,2333836566,102128169256260
27276.234,TCP,1852037829,122234477886,2336449208,102242499898336
27306.255,TCP,1854635332,122405913060,2339066989,102357054749810
27336.276,TCP,1857218715,122576416338,2341671170,102471017043948
27366.296,TCP,1859762357,122744296686,2344234257,102583182775970
27396.319,TCP,1862333498,122913991992,2346827336,102696662255312
27426.340,TCP,1864911820,123084161220,2349428261,102810479893186
27456.361,TCP,1867505114,123255318600,2352043002,102924902948484
27486.382,TCP,1870089058,123425858904,2354649283,103038957132374
27516.403,TCP,1872689404,123597481716,2357272804,103153763889104
27546.423,TCP,1875273075,123768003978,2359878174,103267779281444
27576.444,TCP,1877817252,123935919636,2362441802,103379962677228
27606.465,TCP,1880368351,124104292122,2365011376,103492406775168
27636.486,TCP,1882922431,124272861378,2367582963,103604936727078
27666.507,TCP,1885453722,124439926560,2370133274,103716535842468
27696.528,TCP,1887999856,124607971380,2372696538,103828701913476
27726.549,TCP,1890540656,124775664156,2375256149,103940709407658
27756.570,TCP,1893088538,124943824344,2377822899,104053028406870
27786.591,TCP,1895640907,125112280674,2380393581,104165518125858
27816.613,TCP,1898181262,125279944080,2382950773,104277420406554
27846.635,TCP,1900687372,125445347316,2385473780,104387825620040
27876.658,TCP,1903238859,125613745458,2388042753,104500241366810
27906.679,TCP,1905783051,125781662106,2390605594,104612389779588
27936.701,TCP,1908322760,125949282876,2393162770,104724287996748
27966.722,TCP,1910865489,126117102966,2395722871,104836315249982
27996.744,TCP,1913407888,126284901276,2398283191,104948352413230
28026.764,TCP,1915943582,126452257056,2400837271,105060121516366
28056.786,TCP,1918466957,126618799818,2403378162,105171309689540
28086.807,TCP,1921012721,126786820218,2405942609,105283528004530
28116.829,TCP,1923544779,126953936022,2408492055,105395089183774
28146.850,TCP,1926081667,127121370606,2411045754,105506836175756
28176.871,TCP,1928611506,127288339956,2413592977,105618300804450
28206.892,TCP,1931155097,127456216962,2416154606,105730396839532
28236.914,TCP,1933695135,127623859446,2418712226,105842316843948
28266.935,TCP,1936232101,127791299178,2421266090,105954072562732
28296.957,TCP,1938721759,127955616594,2423775196,106063868554352
28326.977,TCP,1941272948,128123995044,2426345644,106176348688888
28356.999,TCP,1943812270,128291590296,2428904551,106288324876334
28387.022,TCP,1946340091,128458426458,2431450097,106399713110442
28417.043,TCP,1948862066,128624876784,2433989465,106510832107378
28447.064,TCP,1951410799,128793093138,2436557178,106623193048028
28477.085,TCP,1953946245,128960432550,2439109460,106734877818360
28507.107,TCP,1956486653,129128099454,2441666242,106846760674092
28537.128,TCP,1959022538,129295467816,2444220066,106958517307716
28567.148,TCP,1961562683,129463117362,2446776881,107070402065794
28597.170,TCP,1964081789,129629378334,2449313474,107181402522316
28627.190,TCP,1966620205,129796913766,2451869921,107293269364402
28657.212,TCP,1969164569,129964841766,2454431935,107405381678550
28687.232,TCP,1971703178,130132389936,2456989880,107517316121584
28717.255,TCP,1974256960,130300939524,2459560435,107629803013014
28747.275,TCP,1976756101,130465882806,2462076179,107739892453822
28777.296,TCP,1979292165,130633263006,2464628788,107851591008296
28807.317,TCP,1981833978,130801022640,2467186252,107963502088768
28837.338,TCP,1984389508,130969687596,2469759705,108076115132410
28867.359,TCP,1986923093,131136904182,2472308984,108187670401640
28897.380,TCP,1989468935,131304929706,2474872788,108299860756584
28927.402,TCP,1992018475,131473199322,2477439134,108412160134244
28957.423,TCP,1994573005,131641798278,2480009917,108524655756634
28987.444,TCP,1997113685,131809483134,2482567338,108636567096412
29017.464,TCP,1999686880,131979313980,2485160576,108750047503728
29047.486,TCP,2002269613,132149774358,2487766226,108864074055692
29077.507,TCP,2004849683,132320058954,2490368219,108977942948798
29107.528,TCP,2007435441,132490718982,2492975801,109092059018626
29137.548,TCP,2010017528,132661136700,2495581312,109206080317760
29167.569,TCP,2012600949,132831642462,2498187255,109320124190542
29197.590,TCP,2015154991,133000209234,2500763912,109432879592880
29227.612,TCP,2017749572,133171451556,2503380702,109547392829124
29257.633,TCP,2020335358,133342113432,2505989787,109661571061118
29287.653,TCP,2022928391,133513253586,2508604798,109776005995124
29317.674,TCP,2025518244,133684183860,2511216971,109890317272750
29347.694,TCP,2028116841,133855691262,2513837542,110004998464812
29377.714,TCP,2030698823,134026102050,2516441368,110118950120168
29407.735,TCP,2033259772,134195124660,2519024601,110231995821850
29437.756,TCP,2035858214,134366621832,2521647126,110346760177364
29467.777,TCP,2038447703,134537528082,2524256428,110460945370472
29497.798,TCP,2041019153,134707243782,2526848208,110574365126320
29527.819,TCP,2043584027,134876525442,2529433399,110687495760814
29557.840,TCP,2046176730,135047643816,2532048340,110801929511304
29587.860,TCP,2048763124,135218345820,2534657406,110916104661476
29617.878,TCP,2051339906,135388413408,2537257008,111029865983648
29647.899,TCP,2053863620,135554978532,2539802862,111141278093212
29677.921,TCP,2056505530,135729344568,2542465605,111257796618226
29707.943,TCP,2059160537,135904575006,2545143458,111374973269596
29737.964,TCP,2061805792,136079161812,2547808547,111491593989374
29767.984,TCP,2064453440,136253906556,2550476058,111608320577444
29798.004,TCP,2067109094,136429179696,2553152715,111725444656670
29828.026,TCP,2069767493,136604634006,2555831387,111842658520630
29858.047,TCP,2072426067,136780099890,2558512063,111959959156974
29888.069,TCP,2075083566,136955494800,2561190904,112077178734096
29918.090,TCP,2077739236,137130768996,2563869978,112194409271484
29948.110,TCP,2080380547,137305095498,2566532614,112310919269756
29978.132,TCP,2083031515,137480059362,2569204654,112427841389612
30008.152,TCP,2085663968,137653801260,2571858778,112543982382724
30038.173,TCP,2088309596,137828412684,2574525952,112660694531384
30068.194,TCP,2090942801,138002204190,2577179953,112776829814346
30098.216,TCP,2093570359,138175622994,2579831181,112892847408618
30128.236,TCP,2096219505,138350466630,2582501901,113009712949346
30158.259,TCP,2098870998,138525465144,2585174631,113126665850750
30188.279,TCP,2101482768,138697841940,2587807041,113241853696922
30218.299,TCP,2104134268,138872840940,2590480824,113358854378056
30248.320,TCP,2106783405,139047683958,2593150626,113475679028868
30278.341,TCP,2109425340,139222051644,2595814381,113592241070666
30308.362,TCP,2112068141,139396476462,2598480216,113708896049448
30338.382,TCP,2114715876,139571226948,2601149204,113825685257096
30368.403,TCP,2117369021,139746334494,2603822883,113942679770958
30398.424,TCP,2120023915,139921557474,2606498528,114059759873520
30428.446,TCP,2122675836,140096584212,2609170687,114176687439566
30458.467,TCP,2125318798,140271019680,2611835105,114293277379050
30488.488,TCP,2127958959,140445270282,2614496781,114409750744122
30518.508,TCP,2130618097,140620773342,2617177767,114527064508078
30548.530,TCP,2133269830,140795787696,2619850762,114644029157540
30578.551,TCP,2135909869,140970030270,2622512864,114760519984080
30608.572,TCP,2138560395,141144964962,2625185360,114877462908568
30638.592,TCP,2141213291,141320056074,2627860416,114994517478376
30668.615,TCP,2143863795,141494989338,2630533628,115111490793688
30698.637,TCP,2146455528,141666043692,2633145059,115225763814478
30728.658,TCP,2149089054,141839856408,2635802267,115342043161022
30758.679,TCP,2151725745,142013877990,2638462648,115458458573464
30788.700,TCP,2154379181,142189004742,2641140258,115575624591964
30818.721,TCP,2157025483,142363660674,2643810158,115692452919284
30848.742,TCP,2159665851,142537924938,2646473591,115808999211190
30878.763,TCP,2162319741,142713081678,2649150576,115926137926240
30908.785,TCP,2164973429,142888225062,2651825465,116043184686618
30938.805,TCP,2167621836,143063019900,2654495885,116160036379050
30968.825,TCP,2170273104,143238003564,2657167834,116276956394996
30998.846,TCP,2172930818,143413412664,2659846530,116394169344540
31028.867,TCP,2175572930,143587792032,2662509188,116510681637648
31058.889,TCP,2178210642,143761881000,2665167763,116627018877142
31088.911,TCP,2180849833,143936067582,2667829281,116743484499290
31118.932,TCP,2183489108,144110259708,2670489582,116859895908380
31148.953,TCP,2186146300,144285634356,2673167676,116977084372888
31178.974,TCP,2188800566,144460815888,2675841776,117094098771568
31208.995,TCP,2191463371,144636560970,2678526892,117211593293496
31239.016,TCP,2194071879,144808722474,2681155685,117326623286490
31269.038,TCP,2196717122,144983308488,2683820828,117443246172144
31299.059,TCP,2199364387,145158027954,2686489269,117560011685570
31329.080,TCP,2202013577,145332874470,2689160583,117676902234318
31359.101,TCP,2204662270,145507688160,2691830326,117793723801396
31389.123,TCP,2207312903,145682629914,2694503888,117910712932832
31419.144,TCP,2209958757,145857256254,2697171354,118027436963156
31449.165,TCP,2212597560,146031417228,2699830617,118143802232306
31479.186,TCP,2215252207,146206623906,2702505590,118260853584996
31509.207,TCP,2217901393,146381470158,2705175124,118377667011840
31539.228,TCP,2220556608,146556714348,2707850802,118494749213756
31569.248,TCP,2223209208,146731785924,2710523843,118611716422534
31599.269,TCP,2225846216,146905828452,2713182549,118728060093226
31629.290,TCP,2228493287,147080535114,2715851483,118844845889438
31659.311,TCP,2231144228,147255497220,2718522518,118961726917452
31689.333,TCP,2233791150,147430194048,2721189871,119078447728678
31719.354,TCP,2236403031,147602578194,2723821542,119193605051484
31749.374,TCP,2239048454,147777176088,2726488961,119310327571002
31779.395,TCP,2241696318,147951935088,2729156173,119427039525938
31809.416,TCP,2244347970,148126944120,2731829496,119544019335512
31839.438,TCP,2247006931,148302435522,2734510052,119661315179408
31869.459,TCP,2249649601,148476851718,2737173718,119777875053020
31899.480,TCP,2252302031,148651912098,2739846903,119894848824926
31929.501,TCP,2254944988,148826347236,2742509507,120011362163798
31959.522,TCP,2257594400,149001208404,2745179099,120128179198574
31989.543,TCP,2260251368,149176568292,2747856612,120245340754248
32019.565,TCP,2262902347,149351532882,2750529135,120362285581438
32049.586,TCP,2265553809,149526529350,2753200449,120479178554642
32079.607,TCP,2268202224,149701324716,2755868460,120595927262472
32109.628,TCP,2270855841,149876463438,2758542542,120712940021964
32139.650,TCP,2273508812,150051559500,2761216253,120829936307034
32169.671,TCP,2276162851,150226726074,2763890045,120946936661458
32199.693,TCP,2278820191,150402110490,2766566508,121064052534752
32229.716,TCP,2281425754,150574077624,2769191876,121178932880368
32259.738,TCP,2284074818,150748915848,2771862579,121295799401886
32289.759,TCP,2286730255,150924174666,2774536969,121412824830506
32319.779,TCP,2289378364,151098949848,2777205082,121529575576308
32349.800,TCP,2292024982,151273626636,2779871747,121646266326662
32379.821,TCP,2294677544,151448695716,2782544950,121763239903500
32409.842,TCP,2297308999,151622371746,2785196485,121879266233970
32439.864,TCP,2299926705,151795140318,2787833669,121994665159002
32469.887,TCP,2302540158,151967628192,2790467408,122109915941536
32499.909,TCP,2305150814,152139931464,2793099162,122225079102876
32529.930,TCP,2307760284,152312156484,2795729234,122340167245956
32559.952,TCP,2310363369,152483960070,2798355032,122455071606128
32589.973,TCP,2312987655,152657162922,2800999604,122570796011416
32619.995,TCP,2315612968,152830433580,2803643477,122686489044386
32650.017,TCP,2318227826,153003014184,2806278147,122801780193382
32680.039,TCP,2320829078,153174696792,2808899684,122916497429568
32710.060,TCP,2323433188,153346568028,2811524548,123031360111608
32740.082,TCP,2326019974,153517295904,2814131436,123145435241920
32770.103,TCP,2328630601,153689597262,2816764416,123260659563728
32800.123,TCP,2331256337,153862895814,2819410555,123376450263798
32830.145,TCP,2333864528,154035036420,2822038251,123491434375878
32860.166,TCP,2336491182,154208395560,2824685493,123607275021266
32890.187,TCP,2339099371,154380536034,2827314846,123722331659612
32920.208,TCP,2341716085,154553239134,2829952594,123837757556788
32950.230,TCP,2344331914,154725883824,2832590281,123953179256386
32980.251,TCP,2346955811,154899061026,2835234800,124068900905688
33010.271,TCP,2349574184,155071873620,2837874513,124184412982450
33040.293,TCP,2352187449,155244349110,2840508924,124299693038416
33070.313,TCP,2354817462,155417929956,2843161496,124415767672552
33100.334,TCP,2357437057,155590823202,2845802568,124531339475264
33130.355,TCP,2360064642,155764243788,2848451662,124647259805092
33160.376,TCP,2362664923,155935862334,2851073580,124761995939312
33190.397,TCP,2365245913,156106207650,2853676188,124875893184560
33220.418,TCP,2367778322,156273346620,2856229880,124987648236632
33250.440,TCP,2370363579,156443973558,2858834850,125101642565892
33280.461,TCP,2372953839,156614930718,2861448000,125215995850312
33310.482,TCP,2375535969,156785351274,2864054906,125330074454820
33340.503,TCP,2378113750,156955484796,2866654784,125443848836496
33370.524,TCP,2380690883,157125575550,2869254582,125557617838188
33400.545,TCP,2383267468,157295630160,2871853598,125671359132100
33430.566,TCP,2385834665,157465065138,2874443768,125784709117272
33460.587,TCP,2388402120,157634517144,2877035698,125898135960884
33490.609,TCP,2390997822,157805833452,2879653464,126012689500648
33520.629,TCP,2393555966,157974670932,2882234452,126125635571264
33550.651,TCP,2396134578,158144859300,2884833949,126239393805186
33580.671,TCP,2398702322,158314330380,2887423953,126352734734682
33610.692,TCP,2401276850,158484249228,2890018561,126466277099178
33640.714,TCP,2403841428,158653511352,2892603632,126579402745016
33670.735,TCP,2406429695,158824336950,2895212991,126693592987782
33700.757,TCP,2408974851,158992317222,2897780133,126805934754986
33730.779,TCP,2411552553,159162445530,2900380526,126919728437484
33760.801,TCP,2414136949,159333015642,2902986912,127033787805248
33790.822,TCP,2416723801,159503747850,2905595726,127147951995380
33820.844,TCP,2419303525,159674009610,2908196382,127261762930828
33850.866,TCP,2421864037,159843003378,2910777823,127374731117350
33880.888,TCP,2424442268,160013166600,2913379820,127488599354608
33910.910,TCP,2427009753,160182620586,2915968221,127601873724802
33940.931,TCP,2429569765,160351581354,2918548291,127714780085174
33970.952,TCP,2432142859,160521405534,2921141535,127828261934678
34000.974,TCP,2434722713,160691675898,2923741500,127942037567680
34030.995,TCP,2437289718,160861098204,2926327999,128055224453230
34061.016,TCP,2439857709,161030585610,2928916262,128168494882180
34091.037,TCP,2442441995,161201148462,2931522965,128282567706122
34121.058,TCP,2445009900,161370630192,2934113529,128395934232394
34151.080,TCP,2447581482,161540354580,2936707064,128509428880248
34181.100,TCP,2450113123,161707442862,2939258540,128621084957776
34211.122,TCP,2452680499,161876889678,2941847967,128734399176438
34241.144,TCP,2455261234,162047218164,2944449761,128848259667802
34271.165,TCP,2457836710,162217199580,2947046002,128961875015356
34301.187,TCP,2460415200,162387379896,2949644617,129075594001290
34331.207,TCP,2462992922,162557509524,2952243017,129189306549754
34361.229,TCP,2465587410,162728745732,2954859166,129303793988444
34391.251,TCP,2468185857,162900243210,2957479164,129418449517712
34421.271,TCP,2470758464,163070035248,2960073723,129531989060526
34451.292,TCP,2473358513,163241638482,2962696287,129646754402030
34481.313,TCP,2475947864,163412535624,2965307491,129761019936734
34511.334,TCP,2478568479,163585496190,2967951509,129876721171626
34541.355,TCP,2481178392,163757750448,2970585489,129991983963554
34571.377,TCP,2483762345,163928291322,2973192537,130106072014618
34601.399,TCP,2486333809,164098007946,2975788999,130219696419974
34631.421,TCP,2488914484,164268332472,2978391277,130333577979962
34661.442,TCP,2491448992,164435609976,2980946760,130445412842768
34691.464,TCP,2494019473,164605261722,2983538971,130558855237358
34721.486,TCP,2496593702,164775160812,2986134633,130672447346930
34751.507,TCP,2499161604,164944642344,2988724647,130785793913206
34781.528,TCP,2501744241,165115096362,2991330292,130899821447480
34811.550,TCP,2504346908,165286872384,2993956322,131014736767124
34841.572,TCP,2506918655,165456607662,2996550557,131128264426162
34871.593,TCP,2509507415,165627465798,2999161442,131242518667620
34901.615,TCP,2512077330,165797080188,3001753891,131355965141150
34931.635,TCP,2514658804,165967457448,3004357997,131469926054434
34961.657,TCP,2517226487,166136924502,3006947372,131583244792000
34991.679,TCP,2519790742,166306165308,3009533977,131696437319890
35021.699,TCP,2522384756,166477370208,3012149831,131810909665806
35051.720,TCP,2524968163,166647875046,3014757430,131925023116044
35081.741,TCP,2527547157,166818088626,3017358480,132038848364344
35111.762,TCP,2530127344,166988380968,3019958929,132152646835066
35141.784,TCP,2532666072,167155936992,3022518247,132264647494918
35171.804,TCP,2535252562,167326645308,3025125147,132378729900118
35201.825,TCP,2537824947,167496422694,3027717840,132492191528168
35231.847,TCP,2540413301,167667254010,3030326716,132606358736272
35261.868,TCP,2543012713,167838815178,3032945195,132720944763038
35291.890,TCP,2545597304,168009398160,3035550661,132834965731898
35321.912,TCP,2548179954,168179853012,3038153522,132948868629916
35351.934,TCP,2550765184,168350478168,3040760188,133062941844632
35381.956,TCP,2553343412,168520641168,3043359530,133176693777596
35411.977,TCP,2555928658,168691267380,3045965339,133290728727886
35441.999,TCP,2558518185,168862176138,3048575682,133404961240780
35472.020,TCP,2561093242,169032129852,3051172032,133518582428560
35502.041,TCP,2563694322,169203801108,3053794404,133633341268928
35532.062,TCP,2566282329,169374609546,3056403548,133747518914592
35562.084,TCP,2568875996,169545791544,3059018802,133861963040428
35592.106,TCP,2571458919,169716264462,3061622421,133975899870258
35622.127,TCP,2574006472,169884402936,3064190805,134088297162138
35652.149,TCP,2576590469,170054946714,3066794716,134202247577544
35682.172,TCP,2579176576,170225629752,3069401227,134316315145934
35712.194,TCP,2581749727,170395457694,3071995353,134429837751130
35742.216,TCP,2584330849,170565811722,3074598931,134543778248246
35772.237,TCP,2586924675,170737004238,3077213489,134658192705898
35802.259,TCP,2589501862,170907098556,3079815421,134772055302770
35832.281,TCP,2592079673,171077234058,3082414302,134885785709524
35862.302,TCP,2594667112,171248005008,3085021785,134999890500602
35892.324,TCP,2597244099,171418086150,3087622713,135113715807538
35922.346,TCP,2599822759,171588277686,3090224167,135227557991542
35952.369,TCP,2602408800,171758956368,3092830849,135341627143330
35982.390,TCP,2605007434,171930466212,3095450190,135456252090236
36012.412,TCP,2607586770,172100702364,3098050800,135570059615528
36042.433,TCP,2610162908,172270727448,3100648308,135683730227992
36072.453,TCP,2612740777,172440866802,3103246555,135797432478358
36102.475,TCP,2615327662,172611601188,3105854341,135911551707354
36132.495,TCP,2617859364,172778693496,3108405759,136023204963382
36162.517,TCP,2620445669,172949389602,3111012266,136137272138292
36192.539,TCP,2623025242,173119641396,3113612493,136251063123234
36222.561,TCP,2625602528,173289742224,3116210473,136364753100322
36252.583,TCP,2628179960,173459852712,3118808839,136478460993862
36282.604,TCP,2630750690,173629520868,3121399766,136591842485524
36312.626,TCP,2633335502,173800118436,3124004734,136705837862476
36342.647,TCP,2635917996,173970562992,3126606997,136819717521282
36372.669,TCP,2638502815,174141161022,3129211748,136933702856528
36402.690,TCP,2641097600,174312416808,3131828440,137048209860760
36432.713,TCP,2643693816,174483767040,3134444461,137162688312170
36462.734,TCP,2646294220,174655393656,3137066540,137277430421120
36492.752,TCP,2648870831,174825449958,3139665787,137391174286534
36522.773,TCP,2651450601,174995714730,3142266514,137504986275972
36552.795,TCP,2654039642,175166591412,3144877538,137619249374340
36582.817,TCP,2656645867,175338602214,3147504902,137734223567396
36612.839,TCP,2659174603,175505498766,3150054517,137845800551594
36642.860,TCP,2661760940,175676196984,3152661534,137959888076324
36672.882,TCP,2664347519,175846911150,3155268584,138073975275904
36702.903,TCP,2666929815,176017342662,3157870298,138187829535692
36732.925,TCP,2669490191,176186327430,3160450529,138300742722410
36762.946,TCP,2672087624,176357758008,3163068873,138415323890626
36792.968,TCP,2674658272,176527420752,3165662032,138528807634688
36822.988,TCP,2677234742,176697467748,3168260069,138642500040018
36853.008,TCP,2679822673,176868271170,3170869795,138756702955830
36883.029,TCP,2682405752,177038754360,3173473761,138870658683658
36913.050,TCP,2685005605,177210344634,3176095193,138985377222882
36943.072,TCP,2687600660,177381618240,3178710465,139099822593962
36973.093,TCP,2690185563,177552221814,3181315951,139213843171678
37003.115,TCP,2692740237,177720830274,3183890727,139326516660918
37033.136,TCP,2695279128,177888397080,3186446662,139438360072508
37063.158,TCP,2697809296,178055388144,3188994093,139549833103538
37093.179,TCP,2700298232,178219657896,3191502830,139659616356820
37123.201,TCP,2702822039,178386229134,3194044410,139770831248220
37153.222,TCP,2705351060,178553144496,3196590943,139882265291598
37183.243,TCP,2707907913,178721896770,3199163748,139994848866432
37213.264,TCP,2710441789,178889132562,3201715255,140106502062422
37243.286,TCP,2712971678,179056105188,3204261164,140217907491648
37273.307,TCP,2715510458,179223664644,3206816647,140329734293150
37303.328,TCP,2718047076,179391081408,3209370321,140441481021338
37333.348,TCP,2720617847,179560752270,3211960014,140554816294212
37363.369,TCP,2723239011,179733749070,3214601327,140670396698422
37393.391,TCP,2725851771,179906191206,3217233773,140785590970250
37423.412,TCP,2728474536,180079293672,3219876011,140901211347310
37453.434,TCP,2731101674,180252684756,3222522468,141017015830928
37483.455,TCP,2733716896,180425289384,3225158791,141132377605758
37513.477,TCP,2736351180,180599152104,3227812619,141248505472110
37543.498,TCP,2738981696,180772766112,3230463259,141364494715998
37573.520,TCP,2741628991,180947487558,3233130107,141481191311486
37603.542,TCP,2744219523,181118462646,3235739925,141595393708330
37633.563,TCP,2746847796,181291928640,3238387394,141711242823972
37663.585,TCP,2749478497,181465554882,3241037458,141827205750308
37693.607,TCP,2752104328,181638859704,3243683928,141943011873560
37723.629,TCP,2754713804,181811085096,3246312487,142058035035366
37753.650,TCP,2757330720,181983801528,3248948134,142173366684180
37783.672,TCP,2759958295,182157221478,3251594167,142289154036070
37813.693,TCP,2762580669,182330298138,3254233961,142404665724210
37843.714,TCP,2765194492,182502810432,3256866576,142519864462136
37873.735,TCP,2767818453,182675991834,3259509502,142635515228148
37903.756,TCP,2770426410,182848116996,3262138837,142750573700314
37933.778,TCP,2773039560,183020584872,3264772137,142865805644666
37963.800,TCP,2775653114,183193079412,3267405723,142981049405878
37993.821,TCP,2778279928,183366449136,3270051699,143096835179638
38023.841,TCP,2780897308,183539196192,3272688733,143212227344938
38053.863,TCP,2783511012,183711700632,3275322953,143327496837354
38083.883,TCP,2786087234,183881731260,3277917880,143441048332008
38113.905,TCP,2788685557,184053220554,3280536029,143555619525858
38143.927,TCP,2791260337,184223156010,3283131411,143669194511678
38173.948,TCP,2793838613,184393322202,3285734348,143783100494552
38203.970,TCP,2796433437,184564580562,3288349172,143897527159432
38233.993,TCP,2799008637,184734543738,3290956135,144011608520214
38264.015,TCP,2801583292,184904470944,3293551384,144125182317608
38294.036,TCP,2804164958,185074860876,3296155408,144239139031928
38324.057,TCP,2806741497,185244912426,3298751980,144352766787984
38354.079,TCP,2809322955,185415288630,3301354184,144466639233208
38384.100,TCP,2811930407,185587380438,3303988197,144581906418578
38414.122,TCP,2814518923,185758222494,3306599670,144696189533956
38444.143,TCP,2817102398,185928731820,3309204312,144810176173480
38474.164,TCP,2819670580,186098231808,3311793066,144923465050804
38504.184,TCP,2822255511,186268837254,3314399298,145037518051812
38534.206,TCP,2824827187,186438567846,3316994223,145151075247590
38564.228,TCP,2827374457,186606687642,3319563989,145263528205210
38594.250,TCP,2829941236,186776095032,3322150878,145376730648156
38624.269,TCP,2832541516,186947713512,3324771783,145491422545758
38654.290,TCP,2835119629,187117868946,3327370652,145605148167216
38684.311,TCP,2837693553,187287747906,3329965257,145718693676466
38714.333,TCP,2840273873,187458048978,3332565942,145832504352412
38744.353,TCP,2842859880,187628725416,3335171894,145946546848404
38774.373,TCP,2845432841,187798540818,3337765568,146060053367824
38804.392,TCP,2848015390,187968989028,3340369852,146174029104744
38834.414,TCP,2850609905,188140227006,3342985497,146288491802698
38864.435,TCP,2853192114,188310652776,3345588291,146402394957710
38894.457,TCP,2855773540,188481026868,3348190119,146516256630966
38924.478,TCP,2858355803,188651456202,3350792239,146630129333542
38954.500,TCP,2860946507,188822442642,3353402804,146744375492576
38984.520,TCP,2863506346,188991391992,3355984119,146857336658054
39014.540,TCP,2866089679,189161891922,3358588955,146971328617646
39044.561,TCP,2868614038,189328499592,3361134765,147082739086258
39074.582,TCP,2871183062,189498055152,3363724786,147196083031532
39104.603,TCP,2873780896,189669512172,3366342694,147310648640044
39134.624,TCP,2876359441,189839696118,3368941633,147424379312018
39164.646,TCP,2878932014,190009485912,3371535374,147537886884436
39194.667,TCP,2881513451,190179860730,3374138025,147651779413930
39224.688,TCP,2884092218,190350059328,3376736936,147765509493856
39254.710,TCP,2886696827,190521963498,3379363235,147880435776118
39284.731,TCP,2889290426,190693141008,3381978104,147994865327552
39314.752,TCP,2891857820,190862589012,3384572307,148108392918590
39344.774,TCP,2894426252,191032105500,3387162276,148221734764032
39374.796,TCP,2896996801,191201761710,3389753553,148335135219074
39404.816,TCP,2899573894,191371849848,3392351981,148448847311034
39434.837,TCP,2902166078,191542933968,3394964396,148563166927328
39464.858,TCP,2904792493,191716277358,3397610638,148678965956916
39494.879,TCP,2907365316,191886083652,3400205797,148792532081786
39524.900,TCP,2909887246,192052531008,3402747658,148903765669868
39554.922,TCP,2912476217,192223403094,3405357879,149017991424902
39584.942,TCP,2915062260,192394081908,3407964582,149132063592732
39614.963,TCP,2917643625,192564451998,3410567385,149245966289986
39644.983,TCP,2920238116,192735688380,3413183106,149360433974444
39675.004,TCP,2922815738,192905811408,3415782303,149474179016206
39705.023,TCP,2925402015,193076505690,3418389948,149588294368920
39735.043,TCP,2927972521,193246159062,3420981793,149701718717306
39765.064,TCP,2930560775,193416983802,3423591335,149815920375414
39795.085,TCP,2933145877,193587600534,3426196458,149929924479284
39825.105,TCP,2935721055,193757562258,3428791514,150043483452804
39855.126,TCP,2938304175,193928048178,3431394449,150157388058938
39885.146,TCP,2940865307,194097082866,3433976183,150270366618734
39915.168,TCP,2943432945,194266546950,3436564623,150383639878518
39945.188,TCP,2946029532,194437921668,3439183729,150498253799842
39975.209,TCP,2948629060,194609490492,3441802668,150612859059392
40005.230,TCP,2951210704,194779878972,3444406827,150726819714030
40035.252,TCP,2953756539,194947904034,3446973454,150839137788348
40065.272,TCP,2956347353,195118897734,3449584722,150953411387828
40095.293,TCP,2958936387,195289773954,3452194267,151067608590438
40125.314,TCP,2961526155,195460698618,3454804132,151181822656544
40155.335,TCP,2964119293,195631845678,3457417459,151296187158878
40185.355,TCP,2966707197,195802647318,3460025479,151410317610350
40215.376,TCP,2969291498,195973211160,3462630259,151524305242398
40245.397,TCP,2971855673,196142446686,3465215081,151637420254970
40275.418,TCP,2974450115,196313679810,3467829024,151751813176176
40305.438,TCP,2977032741,196484133102,3470432437,151865744617682
40335.459,TCP,2979605365,196653926262,3473026200,151979253830328
40365.481,TCP,2982186927,196824309306,3475628536,152093136115392
40395.502,TCP,2984753786,196993721976,3478216721,152206399330210
40425.523,TCP,2987321225,197163172926,3480803746,152319611809516
40455.545,TCP,2989890355,197332735482,3483392889,152432917031354
40485.566,TCP,2992469205,197502939534,3485992509,152546682548242
40515.587,TCP,2994992488,197669476212,3488535646,152657976840988
40545.608,TCP,2997581161,197840328606,3491145466,152772185726404
40575.629,TCP,3000158955,198010462986,3493744238,152885914553100
40605.649,TCP,3002745187,198181154274,3496349787,152999939131542
40635.673,TCP,3005315034,198350764152,3498939231,153113257808502
40665.695,TCP,3007874699,198519702018,3501520318,153226210504412
40695.717,TCP,3010420586,198687730536,3504084974,153338440826660
40725.739,TCP,3012944511,198854309562,3506625525,153449612789602
40755.761,TCP,3015496743,199022756850,3509194962,153562054912444
40785.782,TCP,3018043905,199190869542,3511758624,153674238768872
40815.804,TCP,3020576267,199358005410,3514307136,153785758663952
40845.826,TCP,3023109378,199525190712,3516856561,153897319448594
40875.847,TCP,3025654810,199693189176,3519419144,154009459783768
40905.869,TCP,3028195149,199860851526,3521975816,154121337912896
40935.891,TCP,3030738824,200028734052,3524537238,154233423974324
40965.913,TCP,3033249039,200194408218,3527065170,154344044667172
40995.934,TCP,3035784628,200361757068,3529616844,154455705083896
41025.957,TCP,3038332596,200529922908,3532183051,154568000520198
41055.977,TCP,3040902323,200699524866,3534770391,154681222130174
41085.999,TCP,3043475935,200869383234,3537366655,154794841934918
41116.021,TCP,3046070578,201040629648,3539981622,154909276015180
41146.041,TCP,3048653283,201211088154,3542583836,155023152458384
41176.059,TCP,3051228283,201381038130,3545179624,155136749819152
41206.079,TCP,3053803139,201550978602,3547774026,155250286665004
41236.099,TCP,3056364554,201720031968,3550354728,155363221378640
41266.120,TCP,3058929017,201889286502,3552940220,155476368548072
41296.138,TCP,3061504564,202059272580,3555536790,155589997679876
41326.159,TCP,3064085708,202229628060,3558138593,155703853649474
41356.180,TCP,3066673881,202400447454,3560747647,155818029782246
41386.200,TCP,3069268981,202571724030,3563362040,155932438789120
41416.217,TCP,3071880151,202744061226,3565992988,156047568867120
41446.238,TCP,3074468850,202914915336,3568600893,156161693478674
41476.260,TCP,3077003389,203082194910,3571155228,156273475245984
41506.282,TCP,3079579808,203252238540,3573751114,156387071368412
41536.300,TCP,3082163741,203422778094,3576355329,156501038712170
41566.321,TCP,3084724268,203591772876,3578936289,156613985893946
41596.341,TCP,3087297955,203761636194,3581532085,156727582993850
41626.361,TCP,3089880259,203932068234,3584134649,156841476303282
